X.Uploaded_variation	Location	Feature	BIOTYPE	DNAse	Promoter_histone_marks	Enhancer_histone_marks
75	rs2097524	1:7201438	ENSR00000346106	CTCF_binding_site			
161	rs1891215	1:7667794	ENSR00000250125	CTCF_binding_site	NA	NA	NA
259	rs1886651	1:29380900	ENSR00000921909	enhancer	NA	NA	NA
277	rs1149024	1:30704226	ENSR00000922028	enhancer	E126		FAT, BRST, MUS, GI, SKIN
328	rs12116935	1:36323945	ENSR00000004792	promoter	NA	NA	NA
329	rs1925383	1:38593331	ENSR00000354427	promoter_flanking_region	E003		IPSC, ESC
384	rs343360	1:42214656	ENSR00000923250	promoter_flanking_region	E028;E056;E057;E091;E094;E098;E117;E118;E119;E120;E122;E124;E125;E128	STRM, MUS, LNG, VAS, BLD	ESC, FAT, STRM, BRST, BLD, SKIN, LIV, GI, PLCNT, MUS, CRVX, BRN, LNG, BONE
407	rs343376	1:42227926	ENSR00000355313	CTCF_binding_site			CRVX
763	rs4926946	1:53049429	ENSR00000357704	promoter_flanking_region	E081;E082;E090	HRT	ESC, ESDR, IPSC, FAT, BRN, SKIN, GI, PANC, MUS, VAS, LNG
764	rs4926946	1:53049429	ENSR00000357704	promoter_flanking_region	E081;E082;E090	HRT	ESC, ESDR, IPSC, FAT, BRN, SKIN, GI, PANC, MUS, VAS, LNG
1040	rs1933213	1:59718001	ENSR00000252112	CTCF_binding_site	NA	NA	NA
1041	rs1933213	1:59718001	ENSR00000252112	CTCF_binding_site	NA	NA	NA
1042	rs1933213	1:59718001	ENSR00000359400	promoter_flanking_region	NA	NA	NA
1043	rs1933213	1:59718001	ENSR00000359400	promoter_flanking_region	NA	NA	NA
1059	rs11208024	1:62760241	ENSR00000925454	promoter_flanking_region	E004;E005;E091		GI
1222	rs10922563	1:89081120	ENSR00000364631	promoter_flanking_region	NA	NA	NA
1721	rs586995	1:111149818	ENSR00000929074	promoter_flanking_region			BLD, LIV, ADRL, SPLN
1813	rs2153995	1:112323324	ENSR00000929186	open_chromatin_region	NA	NA	NA
1826	rs3790609	1:112514368	ENSR00000929203	promoter_flanking_region	E123		ESDR, LNG, FAT, SKIN, GI, MUS, BLD
2182	rs954679	1:112705743	ENSR00000011515	promoter	NA	NA	NA
2196	rs6695488	1:119294679	ENSR00000929934	enhancer		ESC, IPSC	ESC, ESDR, IPSC, BLD, GI, KID, LNG, THYM, LIV
2286	rs1936071	1:164886086	ENSR00000375830	open_chromatin_region			
2305	rs10737508	1:165217253	ENSR00000375900	enhancer			
2328	rs6685521	1:167666320	ENSR00000376377	CTCF_binding_site	E119;E121	BONE	ESDR, FAT, STRM, BRST, BLD, MUS, HRT, LNG, GI, SKIN
2539	rs7525424	1:168093417	ENSR00000376484	promoter_flanking_region	E059		BRST, SKIN, VAS, PANC, GI
2572	rs7538795	1:168121073	ENSR00000376493	promoter_flanking_region	NA	NA	NA
2670	rs859670	1:172704182	ENSR00000933104	promoter_flanking_region	NA	NA	NA
2671	rs859670	1:172704182	ENSR00000933104	promoter_flanking_region	NA	NA	NA
2690	rs3814337	1:183218927	ENSR00000379606	promoter_flanking_region	E028;E057;E081;E083;E086;E088;E093;E119;E127	BLD, FAT, GI, MUS	ESC, ESDR, LNG, IPSC, FAT, BRST, BLD, BRN, SKIN, VAS, GI, ADRL, HRT, KID, MUS, PLCNT, THYM
2709	rs594488	1:183272127	ENSR00000379627	promoter_flanking_region	NA	NA	NA
2738	rs10797934	1:184033198	ENSR00000934204	enhancer	NA	NA	NA
2742	rs10921992	1:195958321	ENSR00000934944	enhancer	E028;E057;E119;E127		
2774	rs2181948	1:196312672	ENSR00000381724	enhancer			ESC, ESDR, IPSC
2783	rs942702	1:201119761	ENSR00000256151	CTCF_binding_site	E088;E090		ESC, ESDR, FAT, BLD, BRN, SKIN, LNG, MUS, THYM
2784	rs942702	1:201119761	ENSR00000256151	CTCF_binding_site	E088;E090		ESC, ESDR, FAT, BLD, BRN, SKIN, LNG, MUS, THYM
2932	rs12036722	1:204971844	ENSR00000018704	promoter_flanking_region	NA	NA	NA
2933	rs12036722	1:204971844	ENSR00000383910	CTCF_binding_site	NA	NA	NA
3101	rs4846676	1:220979260	ENSR00000937516	promoter_flanking_region			BLD
3102	rs4846676	1:220979260	ENSR00000937516	promoter_flanking_region			BLD
3122	rs1153947	1:223772834	ENSR00000937790	promoter_flanking_region	E123		ESC, ESDR, LNG, IPSC, FAT, STRM, BRST, BLD, MUS, SKIN, BRN, GI, ADRL, HRT, OVRY, PLCNT, SPLN, CRVX, VAS, BONE
3124	rs12033057	1:224784312	ENSR00000937917	promoter_flanking_region	E081	BLD	LNG, FAT, STRM, BLD, SKIN, THYM, OVRY, GI, SPLN, BONE
3125	rs2099380	1:226466551	ENSR00000388757	open_chromatin_region	E059;E081;E082	BRN	BRN, SKIN, MUS
3172	rs853448	1:230550727	ENSR00000021602	open_chromatin_region	E028;E057;E059;E120;E121;E124;E127;E128		SKIN
3202	rs701229	1:233635501	ENSR00000938891	promoter_flanking_region			KID, CRVX, BLD
3210	rs556585	1:234212656	ENSR00000257369	CTCF_binding_site			BRST, BLD, SKIN
3384	rs11253241	10:5579665	ENSR00000940730	enhancer	E028;E057;E109;E122		FAT, BRST, SKIN, GI, LIV, VAS
3386	rs7911497	10:5582406	ENSR00000023859	promoter_flanking_region	E116	BLD	ESC, ESDR, IPSC, BRST, BLD, SKIN, GI, LIV
3395	rs4750217	10:5663937	ENSR00000394740	CTCF_binding_site		GI, OVRY	ESC, ESDR, IPSC, BRST, STRM, BLD, BRN, SKIN, LIV, ADRL, GI, LNG
3403	rs4750228	10:5664059	ENSR00000394740	CTCF_binding_site	E003;E004;E007;E008;E021;E022;E051;E080;E088;E093;E097;E109;E114	GI, OVRY, LIV	ESC, ESDR, IPSC, BRST, STRM, BLD, BRN, SKIN, LIV, ADRL, GI, LNG
3509	rs2224781	10:6321594	ENSR00000394922	promoter_flanking_region			ESC, ESDR, FAT, BLD, LNG, SKIN
3538	rs11596743	10:10734180	ENSR00000395758	promoter_flanking_region			BLD, BRN
3547	rs11256805	10:10739594	ENSR00000941191	promoter_flanking_region	NA	NA	NA
3558	rs10905969	10:11540345	ENSR00000395980	promoter_flanking_region	E059		
3641	rs3802586	10:13299378	ENSR00000024647	promoter	NA	NA	NA
3663	rs11011877	10:20216254	ENSR00000397754	promoter_flanking_region			ESC, IPSC, BLD
3665	rs7095405	10:21181428	ENSR00000397936	enhancer			ESDR, IPSC, BLD
3779	rs10826393	10:28058972	ENSR00000025919	open_chromatin_region	E055;E056;E059;E126		
3783	rs749631	10:29113360	ENSR00000399562	promoter_flanking_region	E003;E004;E005;E006;E022;E080;E082;E083;E084;E085;E086;E088;E091;E092;E114;E121;E122;E123	ESDR, VAS	ESDR, ESC, IPSC, HRT, GI, LNG, PLCNT
3788	rs2793345	10:29120263	ENSR00000399564	promoter_flanking_region	E006;E028;E057;E084;E098;E114;E117;E119;E123;E128		ESC, LNG, FAT, STRM, SKIN, ADRL, GI, CRVX, BRN
3797	rs2066250	10:31124007	ENSR00000943024	open_chromatin_region			ESDR, BRN, BLD
3811	rs2503875	10:43318601	ENSR00000401904	CTCF_binding_site			ADRL, LNG, LIV
3829	rs1907913	10:56507360	ENSR00000404434	open_chromatin_region			
3857	rs1822913	10:59835352	ENSR00000945144	promoter_flanking_region	NA	NA	NA
3861	rs17791484	10:59852401	ENSR00000404963	promoter_flanking_region	NA	NA	NA
3865	rs10994058	10:59859031	ENSR00000404963	promoter_flanking_region	NA	NA	NA
3875	rs4948418	10:60425736	ENSR00000405094	promoter_flanking_region	NA	NA	NA
3901	rs12571899	10:60646670	ENSR00000259777	CTCF_binding_site	E004;E082		ESDR, BLD, BRN, ADRL, GI
3938	rs2588917	10:61765221	ENSR00000945376	promoter_flanking_region	E050;E123	BLD	BLD, THYM
3959	rs10821932	10:61932149	ENSR00000945403	enhancer	E017;E028;E057;E091;E117;E127		
4053	rs2394644	10:70130874	ENSR00000029347	promoter	E051;E100;E118;E119;E120;E123;E126	FAT, STRM, SKIN, GI, MUS, LNG, CRVX, LIV, BONE	ESDR, LNG, BRST, MUS, SKIN, LIV, GI, ADRL, KID, HRT, BLD, BRN
4069	rs1548906	10:70745007	ENSR00000946068	promoter_flanking_region	E029;E051;E091;E100;E123;E124		BLD, MUS
4110	rs7898395	10:75471717	ENSR00000946622	promoter_flanking_region	NA	NA	NA
4255	rs12412927	10:80552069	ENSR00000409835	promoter_flanking_region	E007	LIV, GI	ESC, ESDR, IPSC, FAT, BRN, GI, KID, LNG, MUS, HRT, PANC, LIV
4256	rs12412927	10:80552069	ENSR00000409835	promoter_flanking_region	E007	LIV, GI	ESC, ESDR, IPSC, FAT, BRN, GI, KID, LNG, MUS, HRT, PANC, LIV
4510	rs955760	10:95364128	ENSR00000260922	CTCF_binding_site	NA	NA	NA
4831	rs1349348	10:110034796	ENSR00000415478	promoter_flanking_region	E006;E017;E028;E032;E055;E056;E057;E082;E083;E090;E119;E120;E121;E122;E125;E126;E127;E128		ESC, LNG, IPSC, FAT, STRM, BRST, BLD, MUS, BRN, SKIN, GI, HRT, KID, VAS, BONE
4850	rs4083480	10:112822154	ENSR00000950107	promoter			ESDR, IPSC, BLD, STRM, LIV, PLCNT
4864	rs481419	10:112825721	ENSR00000416033	enhancer	E021;E022		IPSC, ESC, BRST, BLD, BRN, SKIN, LIV, MUS, PANC, GI, SPLN
4878	rs17130147	10:112911772	ENSR00000416062	promoter_flanking_region	E022;E086		ESC, ESDR, IPSC, BLD, FAT, KID, MUS, GI, OVRY, VAS
5033	rs2094405	10:112955930	ENSR00000033567	promoter	NA	NA	NA
5034	rs2094405	10:112955930	ENSR00000033567	promoter	NA	NA	NA
5041	rs4752496	10:121061725	ENSR00000950913	promoter_flanking_region			BLD
5042	rs7914068	10:121335862	ENSR00000417943	enhancer	E081		ESC, SKIN, PLCNT, GI
5043	rs7914068	10:121335862	ENSR00000417943	enhancer	E081		ESC, SKIN, PLCNT, GI
5069	rs8181424	10:126913532	ENSR00000419345	CTCF_binding_site	NA	NA	NA
5092	rs7077776	10:127243277	ENSR00000262002	CTCF_binding_site			FAT, BRN, MUS
5097	rs2296785	10:127877905	ENSR00000951610	promoter_flanking_region	NA	NA	NA
5217	rs7927129	11:2694302	ENSR00000421679	CTCF_binding_site	E008;E021;E050;E051;E081;E089	ESC, IPSC, STRM, GI	ESC, ESDR, LNG, IPSC, BRST, BLD, BRN, FAT, GI, ADRL, HRT, MUS, PLCNT, OVRY, PANC, SPLN
5256	rs4930028	11:2911835	ENSR00000036007	promoter_flanking_region	NA	NA	NA
5257	rs4930028	11:2911835	ENSR00000036007	promoter_flanking_region	NA	NA	NA
5407	rs2243566	11:8830692	ENSR00000953095	promoter_flanking_region	E121;E123	MUS	ESC, ESDR, BRST, SKIN, BRN, MUS, PLCNT, THYM, BLD
5436	rs2568061	11:8864713	ENSR00000422936	promoter_flanking_region			ESC, ESDR, FAT, STRM, SKIN, ADRL, GI, CRVX, VAS, LNG, BONE
5558	rs11042149	11:8989190	ENSR00000422966	promoter_flanking_region	E123	BLD	ESDR, LNG, FAT, STRM, BRST, BLD, MUS, SKIN, PLCNT, CRVX, BRN, BONE
5565	rs1984791	11:9013480	ENSR00000953114	CTCF_binding_site	NA	NA	NA
5620	rs1883099	11:9042023	ENSR00000422982	enhancer	E022;E088;E091		ESDR, BRST, BRN, LNG, PLCNT, GI
5621	rs1883099	11:9042023	ENSR00000422982	enhancer	E022;E088;E091		ESDR, BRST, BRN, LNG, PLCNT, GI
5649	rs7121541	11:12269265	ENSR00000423819	promoter_flanking_region	E004;E005;E017;E022;E028;E055;E056;E057;E080;E083;E088;E089;E090;E091;E092;E094;E097;E098;E100;E119;E120;E121;E122	GI, LIV	ESC, ESDR, LNG, IPSC, STRM, BRST, BLD, MUS, SKIN, BRN, GI, HRT, PLCNT, OVRY, PANC, SPLN, VAS, BONE
5745	rs2042688	11:19164747	ENSR00000425250	promoter_flanking_region			BLD, STRM, HRT
5837	rs686699	11:31864033	ENSR00000427193	promoter_flanking_region	NA	NA	NA
5963	rs3751031	11:35139529	ENSR00000427948	promoter	E003;E004;E006;E008;E017;E021;E022;E028;E032;E033;E034;E046;E050;E051;E055;E056;E057;E059;E080;E081;E083;E084;E086;E088;E089;E090;E091;E092;E093;E097;E098;E100;E109;E114;E116;E117;E119;E120;E121;E124;E125;E126;E127;E128	ESC, ESDR, LNG, IPSC, FAT, STRM, BRST, BLD, MUS, BRN, SKIN, VAS, LIV, GI, KID, PANC, PLCNT, THYM, HRT, OVRY, SPLN, CRVX, BONE	BRN, HRT
5964	rs3751031	11:35139529	ENSR00000427948	promoter	E003;E004;E006;E008;E017;E021;E022;E028;E032;E033;E034;E046;E050;E051;E055;E056;E057;E059;E080;E081;E083;E084;E086;E088;E089;E090;E091;E092;E093;E097;E098;E100;E109;E114;E116;E117;E119;E120;E121;E124;E125;E126;E127;E128	ESC, ESDR, LNG, IPSC, FAT, STRM, BRST, BLD, MUS, BRN, SKIN, VAS, LIV, GI, KID, PANC, PLCNT, THYM, HRT, OVRY, SPLN, CRVX, BONE	BRN, HRT
5988	rs262453	11:36035372	ENSR00000428177	promoter_flanking_region	E005;E006;E091;E093;E117	MUS, LNG, CRVX	ESDR, LNG, FAT, STRM, BRST, BRN, SKIN, GI, HRT, PLCNT, PANC, MUS, VAS, BONE
5989	rs262453	11:36035372	ENSR00000428177	promoter_flanking_region	E005;E006;E091;E093;E117	MUS, LNG, CRVX	ESDR, LNG, FAT, STRM, BRST, BRN, SKIN, GI, HRT, PLCNT, PANC, MUS, VAS, BONE
5990	rs262453	11:36035372	ENSR00000428178	CTCF_binding_site	E005;E006;E091;E093;E117	MUS, LNG, CRVX	ESDR, LNG, FAT, STRM, BRST, BRN, SKIN, GI, HRT, PLCNT, PANC, MUS, VAS, BONE
5991	rs262453	11:36035372	ENSR00000428178	CTCF_binding_site	E005;E006;E091;E093;E117	MUS, LNG, CRVX	ESDR, LNG, FAT, STRM, BRST, BRN, SKIN, GI, HRT, PLCNT, PANC, MUS, VAS, BONE
6002	rs4265577	11:36059594	ENSR00000428189	promoter_flanking_region	NA	NA	NA
6013	rs4755448	11:36257184	ENSR00000428245	promoter_flanking_region	E057;E084;E086;E091		ESDR, BRST, BRN, SKIN, GI, CRVX, MUS
6031	rs835774	11:44884703	ENSR00000429385	promoter_flanking_region	E084		ESDR, ESC, GI, ADRL, MUS
6039	rs7115683	11:45473153	ENSR00000429571	promoter_flanking_region			ESDR, IPSC, ESC, ADRL, BRN, GI, MUS, PANC
6111	rs2280231	11:47578886	ENSR00000039707	promoter	E003;E004;E005;E006;E007;E008;E017;E021;E022;E028;E029;E032;E033;E034;E046;E050;E051;E055;E056;E057;E059;E080;E081;E082;E083;E084;E085;E086;E088;E089;E090;E091;E092;E093;E097;E098;E100;E109;E114;E116;E117;E118;E119;E120;E121;E122;E123;E124;E125;E126;E127;E128	ESC, ESDR, LNG, IPSC, FAT, STRM, BRST, BLD, MUS, BRN, SKIN, VAS, LIV, GI, ADRL, HRT, KID, PANC, PLCNT, THYM, OVRY, SPLN, CRVX, BONE	
6120	rs4752801	11:47886089	ENSR00000039735	promoter_flanking_region	E006;E017;E033;E034;E050;E055;E088;E089;E090;E091;E093;E100;E120;E121;E122;E123;E128	FAT, STRM, BLD, MUS, LNG, VAS, BONE	LNG, FAT, BLD, SKIN, GI, PLCNT, THYM, LIV, MUS, BRN
6138	rs657315	11:69517944	ENSR00000434027	promoter_flanking_region	E120		FAT, STRM, MUS, SKIN, LNG, BONE
6297	rs4517540	11:87967640	ENSR00000438323	enhancer	NA	NA	NA
6298	rs4517540	11:87967640	ENSR00000438323	enhancer	NA	NA	NA
6406	rs2091289	11:112316669	ENSR00000442456	promoter_flanking_region	E028;E120;E121		FAT, STRM, MUS, SKIN, THYM, BLD, BONE
6419	rs4938507	11:118360869	ENSR00000045621	promoter	E033;E123	ESDR, ESC, IPSC, FAT, STRM, BRST, BLD, MUS, BRN, GI, LNG, LIV	ESDR, BRST, BLD, BRN, SKIN, FAT, LIV, GI, ADRL, HRT, KID, PANC, MUS, THYM, SPLN, CRVX, VAS, LNG, BONE
6429	rs10892351	11:119347820	ENSR00000962254	promoter_flanking_region	E100		
6438	rs1320679	11:119348414	ENSR00000962254	promoter_flanking_region	E051;E055;E056;E086;E088;E089;E090;E093;E126		FAT, SKIN, MUS, PLCNT
6456	rs2195525	11:119364694	ENSR00000045762	promoter	NA	NA	NA
6470	rs7105205	11:120807310	ENSR00000444633	promoter_flanking_region	E021	LNG	ESC, ESDR, LNG, IPSC, FAT, STRM, BLD, SKIN, PLCNT, LIV, MUS, VAS, BRN
6616	rs2846680	11:128859950	ENSR00000266525	CTCF_binding_site	E003;E004;E006;E007;E008;E017;E021;E022;E028;E032;E033;E034;E046;E050;E051;E059;E080;E081;E083;E086;E088;E089;E091;E092;E093;E094;E097;E098;E100;E109;E114;E116;E118;E122;E124;E128		ESC, BLD, SKIN, LIV, GI, ADRL, HRT, LNG, OVRY, PANC, SPLN, VAS
6683	rs2658828	11:131677993	ENSR00000963548	promoter_flanking_region	E003;E004;E008;E021;E022;E121		ESC, ESDR, IPSC, BRN
6809	rs10848760	12:2986968	ENSR00000964260	enhancer	E005;E084;E122		
6810	rs10848760	12:2986968	ENSR00000964260	enhancer	E005;E084;E122		
6833	rs3217810	12:4279105	ENSR00000266885	promoter	E083;E084;E085;E089;E109	BLD, BRN, HRT	ESDR, ESC, FAT, BRST, BLD, SKIN, LIV, BRN, GI, ADRL, HRT, LNG, MUS, PLCNT
6868	rs11612899	12:5504370	ENSR00000964528	promoter_flanking_region	NA	NA	NA
6869	rs11612899	12:5504370	ENSR00000964528	promoter_flanking_region	NA	NA	NA
6938	rs7968271	12:7646240	ENSR00000267027	CTCF_binding_site	E003;E004;E008;E021;E022;E093	IPSC	ESC, ESDR, IPSC, BLD, GI
6939	rs7968271	12:7646240	ENSR00000267027	CTCF_binding_site	E003;E004;E008;E021;E022;E093	IPSC	ESC, ESDR, IPSC, BLD, GI
6940	rs7968271	12:7646240	ENSR00000964771	promoter_flanking_region	E003;E004;E008;E021;E022;E093	IPSC	ESC, ESDR, IPSC, BLD, GI
6941	rs7968271	12:7646240	ENSR00000964771	promoter_flanking_region	E003;E004;E008;E021;E022;E093	IPSC	ESC, ESDR, IPSC, BLD, GI
6963	rs4764108	12:9942242	ENSR00000450304	promoter	E034;E082	BLD	BLD
6964	rs4764108	12:9942242	ENSR00000450304	promoter	E034;E082	BLD	BLD
7229	rs17510714	12:31953515	ENSR00000966854	enhancer	E006;E123		BLD, SKIN, PLCNT
7245	rs1445312	12:33187682	ENSR00000454950	TF_binding_site	E005;E057;E091;E119		
7284	rs10783299	12:48996894	ENSR00000268272	CTCF_binding_site	E003;E004;E005;E006;E007;E008;E017;E021;E022;E028;E029;E032;E033;E034;E046;E050;E051;E055;E056;E057;E059;E080;E081;E082;E083;E084;E085;E086;E088;E089;E090;E091;E092;E093;E094;E097;E098;E100;E109;E114;E116;E118;E120;E121;E122;E123;E124;E125;E126;E128		
7285	rs10783299	12:48996894	ENSR00000967881	promoter	E003;E004;E005;E006;E007;E008;E017;E021;E022;E028;E029;E032;E033;E034;E046;E050;E051;E055;E056;E057;E059;E080;E081;E082;E083;E084;E085;E086;E088;E089;E090;E091;E092;E093;E094;E097;E098;E100;E109;E114;E116;E118;E120;E121;E122;E123;E124;E125;E126;E128		
7372	rs2293445	12:49005079	ENSR00000967882	enhancer	E124		BLD
7388	rs10875914	12:49028311	ENSR00000457200	open_chromatin_region	E029;E124		
7498	rs638515	12:49910144	ENSR00000457449	promoter_flanking_region	E003;E004;E006;E007;E008;E017;E021;E022;E028;E055;E056;E080;E086;E091;E092;E117;E118;E120;E122;E123;E125;E128	CRVX	ESC, ESDR, LNG, IPSC, BRST, MUS, BRN, SKIN, GI, ADRL, PLCNT, LIV, VAS, BLD
7562	rs450798	12:49911166	ENSR00000457449	promoter_flanking_region			ESC, IPSC, CRVX
7625	rs394119	12:49911224	ENSR00000457449	promoter_flanking_region			ESC, IPSC, CRVX
7688	rs584105	12:49912365	ENSR00000457449	promoter_flanking_region	E098;E120		ESC, IPSC, FAT, MUS
7750	rs297907	12:49923035	ENSR00000457456	promoter_flanking_region		SKIN	FAT, ADRL, HRT, MUS, GI, OVRY, PANC, BONE
7937	rs670142	12:52607203	ENSR00000968364	promoter_flanking_region	E032		BLD, THYM
7938	rs670142	12:52607203	ENSR00000968364	promoter_flanking_region	E032		BLD, THYM
7966	rs1466383	12:56837713	ENSR00000968869	promoter_flanking_region	NA	NA	NA
7972	rs7954957	12:57905467	ENSR00000268641	CTCF_binding_site	NA	NA	NA
7976	rs12819933	12:58311292	ENSR00000459679	promoter_flanking_region	E006;E028;E057;E059;E081;E090;E098;E100;E114;E117;E119;E120;E121;E122;E125;E127;E128	FAT, LNG, CRVX, VAS, BRN	ESC, ESDR, LNG, IPSC, FAT, STRM, BRST, MUS, BRN, SKIN, GI, ADRL, PANC, PLCNT, BONE
7979	rs4760205	12:58342324	ENSR00000459685	promoter_flanking_region	NA	NA	NA
8007	rs1583845	12:62002850	ENSR00000460195	promoter_flanking_region			BLD
8436	rs17010538	12:83043404	ENSR00000464233	promoter_flanking_region	E007		ESC, ESDR, IPSC, MUS, BRN, SKIN, GI, ADRL
8457	rs6419373	12:95173689	ENSR00000466468	promoter_flanking_region	NA	NA	NA
8556	rs12313045	12:106275567	ENSR00000468626	promoter_flanking_region	E094	LIV, BLD	ESC, ESDR, BRST, BLD, GI, KID, PANC, LNG, MUS, SPLN, LIV
8557	rs12313045	12:106275567	ENSR00000468626	promoter_flanking_region	E094	LIV, BLD	ESC, ESDR, BRST, BLD, GI, KID, PANC, LNG, MUS, SPLN, LIV
8569	rs1895625	12:116043861	ENSR00000470987	promoter_flanking_region	E050;E055;E059;E080;E081;E082;E083;E084;E089;E092;E114;E121;E122	BRN	ESDR, STRM, SKIN, LIV, BRN, GI, HRT, PANC, LNG, MUS
8703	rs1110904	12:124499070	ENSR00000473071	CTCF_binding_site	E006;E017;E050;E055;E056;E083;E086;E088;E089;E090;E092;E097;E098;E100;E120;E121;E125;E126;E128		ESC, ESDR, LNG, IPSC, FAT, STRM, BRST, BLD, MUS, BRN, SKIN, LIV, GI, ADRL, HRT, PLCNT, THYM, OVRY, PANC, SPLN, VAS, BONE
8704	rs1110904	12:124499070	ENSR00000473071	CTCF_binding_site	E006;E017;E050;E055;E056;E083;E086;E088;E089;E090;E092;E097;E098;E100;E120;E121;E125;E126;E128		ESC, ESDR, LNG, IPSC, FAT, STRM, BRST, BLD, MUS, BRN, SKIN, LIV, GI, ADRL, HRT, PLCNT, THYM, OVRY, PANC, SPLN, VAS, BONE
8705	rs1110904	12:124499070	ENSR00000473071	CTCF_binding_site	E006;E017;E050;E055;E056;E083;E086;E088;E089;E090;E092;E097;E098;E100;E120;E121;E125;E126;E128		ESC, ESDR, LNG, IPSC, FAT, STRM, BRST, BLD, MUS, BRN, SKIN, LIV, GI, ADRL, HRT, PLCNT, THYM, OVRY, PANC, SPLN, VAS, BONE
8714	rs11057881	12:124887427	ENSR00000059005	TF_binding_site	E032;E084;E123	BLD	ESDR, BLD, GI, OVRY, LIV
8715	rs11057881	12:124887427	ENSR00000059005	TF_binding_site	E032;E084;E123	BLD	ESDR, BLD, GI, OVRY, LIV
8867	rs12823266	12:130957172	ENSR00000059323	promoter	E007;E017;E116	FAT, GI	HRT, PLCNT, GI, LNG, PANC, SPLN
8991	rs7320749	13:21395968	ENSR00000975719	promoter_flanking_region		BLD	ESDR, BLD, THYM
9070	rs8002194	13:21427941	ENSR00000475423	promoter_flanking_region	NA	NA	NA
9144	rs2202729	13:22405108	ENSR00000475607	enhancer			ESC, ESDR, IPSC
9145	rs2202729	13:22405108	ENSR00000475607	enhancer			ESC, ESDR, IPSC
9393	rs4341627	13:29283284	ENSR00000477139	enhancer	NA	NA	NA
9394	rs4341627	13:29283284	ENSR00000477139	enhancer	NA	NA	NA
9474	rs1029398	13:32225151	ENSR00000976852	promoter_flanking_region	NA	NA	NA
9566	rs17080169	13:33917583	ENSR00000061075	promoter_flanking_region	E007;E080;E081;E082		ESC, IPSC, GI, BRN, HRT, MUS
9707	rs12584828	13:45021412	ENSR00000062237	open_chromatin_region	E006;E017;E125;E128		
10053	rs2897027	13:46062100	ENSR00000480897	promoter_flanking_region	E080;E127	STRM, SKIN, LNG, BONE	BRST, MUS, SKIN, ADRL
10054	rs2897027	13:46062100	ENSR00000480897	promoter_flanking_region	E080;E127	STRM, SKIN, LNG, BONE	BRST, MUS, SKIN, ADRL
10387	rs17067700	13:46102060	ENSR00000978197	promoter_flanking_region	E005;E029;E032;E059;E116	LIV, BRN, BLD	ESC, ESDR, FAT, BLD, SKIN, BRN, GI, ADRL, SPLN
10463	rs2148513	13:72121576	ENSR00000484580	promoter_flanking_region	E007;E008;E021		ESC, ESDR, IPSC
10478	rs1931959	13:74444601	ENSR00000063732	promoter_flanking_region	NA	NA	NA
10479	rs1931959	13:74444601	ENSR00000063732	promoter_flanking_region	NA	NA	NA
10484	rs17066730	13:76804830	ENSR00000485497	promoter_flanking_region			BLD
10527	rs1972227	13:78246612	ENSR00000980121	promoter_flanking_region	NA	NA	NA
10533	rs1016205	13:81705274	ENSR00000486342	open_chromatin_region			
10561	rs4148486	13:95190896	ENSR00000272922	CTCF_binding_site	NA	NA	NA
10634	rs7331142	13:95208320	ENSR00000487943	promoter_flanking_region	E116;E123	PANC, BLD	ESDR, BLD
10635	rs7331142	13:95208320	ENSR00000487943	promoter_flanking_region	E116;E123	PANC, BLD	ESDR, BLD
10636	rs7331142	13:95208320	ENSR00000487943	promoter_flanking_region	E116;E123	PANC, BLD	ESDR, BLD
10806	rs9557251	13:99526373	ENSR00000981254	promoter_flanking_region	E080;E123		ESDR, IPSC, BLD, LIV, BRN, GI, HRT, SPLN
10807	rs9557251	13:99526373	ENSR00000981254	promoter_flanking_region	E080;E123		ESDR, IPSC, BLD, LIV, BRN, GI, HRT, SPLN
10808	rs9557251	13:99526373	ENSR00000981254	promoter_flanking_region	E080;E123		ESDR, IPSC, BLD, LIV, BRN, GI, HRT, SPLN
10829	rs1571070	13:102722027	ENSR00000065338	open_chromatin_region	NA	NA	NA
11021	rs1441042	13:110713242	ENSR00000065889	promoter	E003;E004;E005;E006;E007;E008;E017;E021;E022;E028;E029;E032;E033;E034;E046;E050;E051;E055;E056;E057;E059;E080;E081;E082;E083;E084;E085;E086;E088;E089;E090;E091;E092;E093;E094;E097;E098;E100;E109;E114;E116;E117;E118;E119;E120;E121;E122;E123;E124;E125;E126;E127;E128	ESC, ESDR, LNG, IPSC, FAT, STRM, BRST, BLD, MUS, BRN, SKIN, VAS, LIV, GI, ADRL, HRT, KID, PANC, PLCNT, THYM, OVRY, SPLN, CRVX, BONE	
11022	rs1441042	13:110713242	ENSR00000065889	promoter	E003;E004;E005;E006;E007;E008;E017;E021;E022;E028;E029;E032;E033;E034;E046;E050;E051;E055;E056;E057;E059;E080;E081;E082;E083;E084;E085;E086;E088;E089;E090;E091;E092;E093;E094;E097;E098;E100;E109;E114;E116;E117;E118;E119;E120;E121;E122;E123;E124;E125;E126;E127;E128	ESC, ESDR, LNG, IPSC, FAT, STRM, BRST, BLD, MUS, BRN, SKIN, VAS, LIV, GI, ADRL, HRT, KID, PANC, PLCNT, THYM, OVRY, SPLN, CRVX, BONE	
11023	rs1441042	13:110713242	ENSR00000065889	promoter	E003;E004;E005;E006;E007;E008;E017;E021;E022;E028;E029;E032;E033;E034;E046;E050;E051;E055;E056;E057;E059;E080;E081;E082;E083;E084;E085;E086;E088;E089;E090;E091;E092;E093;E094;E097;E098;E100;E109;E114;E116;E117;E118;E119;E120;E121;E122;E123;E124;E125;E126;E127;E128	ESC, ESDR, LNG, IPSC, FAT, STRM, BRST, BLD, MUS, BRN, SKIN, VAS, LIV, GI, ADRL, HRT, KID, PANC, PLCNT, THYM, OVRY, SPLN, CRVX, BONE	
11112	rs1888567	14:20745702	ENSR00000982644	promoter_flanking_region	E005;E091;E094		PLCNT
11113	rs1888567	14:20745702	ENSR00000982644	promoter_flanking_region	E005;E091;E094		PLCNT
11258	rs944088	14:33686492	ENSR00000983653	promoter_flanking_region	NA	NA	NA
11290	rs3842844	14:36347162	ENSR00000983922	open_chromatin_region			ESDR
11291	rs3842844	14:36347162	ENSR00000983922	open_chromatin_region			ESDR
11360	rs2899865	14:38135265	ENSR00000495355	open_chromatin_region	E109;E117		ESC, LNG, CRVX
11382	rs950265	14:44371351	ENSR00000496059	open_chromatin_region	E028;E059;E083;E088;E127		SKIN
11396	rs1463411	14:49966393	ENSR00000068068	promoter_flanking_region	E003;E004;E005;E021;E022;E028;E059;E084;E085;E086;E088;E091;E092;E094;E098;E109;E114;E116;E117;E118;E119;E121	STRM, LIV, GI, LNG, MUS	ESC, ESDR, LNG, IPSC, FAT, BLD, STRM, MUS, SKIN, BRN, GI, THYM, PANC, PLCNT, CRVX, BRST, BONE
11397	rs1463411	14:49966393	ENSR00000068068	promoter_flanking_region	E003;E004;E005;E021;E022;E028;E059;E084;E085;E086;E088;E091;E092;E094;E098;E109;E114;E116;E117;E118;E119;E121	STRM, LIV, GI, LNG, MUS	ESC, ESDR, LNG, IPSC, FAT, BLD, STRM, MUS, SKIN, BRN, GI, THYM, PANC, PLCNT, CRVX, BRST, BONE
11410	rs2069002	14:51783972	ENSR00000984682	promoter_flanking_region	NA	NA	NA
11585	rs1957358	14:54755757	ENSR00000984993	enhancer		BLD	BLD, SKIN, HRT, VAS
11586	rs1957358	14:54755757	ENSR00000984993	enhancer		BLD	BLD, SKIN, HRT, VAS
11733	rs1272672	14:59455602	ENSR00000498805	promoter_flanking_region	E017;E055;E056;E100;E120;E121;E125;E126;E128		LNG, FAT, STRM, MUS, SKIN, ADRL, CRVX, BONE
12113	rs1980580	14:59565278	ENSR00000985463	promoter_flanking_region	NA	NA	NA
12206	rs17175465	14:70098087	ENSR00000501097	promoter_flanking_region	E081;E082	BRN	ESDR, ESC, BLD, BRN, GI, LNG, MUS, HRT, PANC, BONE
12368	rs8015242	14:75725793	ENSR00000502487	promoter_flanking_region	E005;E090;E100;E126	MUS	FAT, STRM, BRST, MUS, GI, HRT, BONE
12369	rs8015242	14:75725793	ENSR00000502487	promoter_flanking_region	E005;E090;E100;E126	MUS	FAT, STRM, BRST, MUS, GI, HRT, BONE
12404	rs176781	14:77421338	ENSR00000071154	open_chromatin_region	E055;E056;E117;E120		FAT, STRM, MUS, CRVX, LNG
12547	rs4899677	14:77826973	ENSR00000987231	enhancer	NA	NA	NA
12608	rs8018674	14:77839066	ENSR00000503039	promoter_flanking_region	E006;E021;E059;E081;E082;E088	BRN	ESDR, IPSC, BRN, SKIN, ADRL, THYM, BLD
12609	rs8018674	14:77839066	ENSR00000503039	promoter_flanking_region	E006;E021;E059;E081;E082;E088	BRN	ESDR, IPSC, BRN, SKIN, ADRL, THYM, BLD
12670	rs2886167	14:77844837	ENSR00000987234	promoter_flanking_region			FAT
12671	rs2886167	14:77844837	ENSR00000987234	promoter_flanking_region			FAT
12734	rs4903661	14:77869596	ENSR00000987240	promoter_flanking_region	E109;E120;E126;E128		
12766	rs4903663	14:77870297	ENSR00000987240	promoter_flanking_region	NA	NA	NA
13110	rs1953236	14:82854954	ENSR00000503853	enhancer	E004;E007;E081;E082;E083;E086;E089	PANC	ESDR, ESC, IPSC, BRN, GI, MUS, OVRY
13172	rs8012364	14:86003957	ENSR00000504264	enhancer	NA	NA	NA
13334	rs8003522	14:92862192	ENSR00000072324	promoter_flanking_region	E118	LIV	MUS
13694	rs10519885	15:33847365	ENSR00000990920	promoter_flanking_region	E091		
13920	rs2463370	15:45918888	ENSR00000514611	promoter_flanking_region	NA	NA	NA
14115	rs7176873	15:57056964	ENSR00000076988	promoter_flanking_region	NA	NA	NA
14289	rs2733333	15:57143728	ENSR00000516701	promoter_flanking_region	E123	BLD	ESDR, LNG, FAT, BRN, GI, BONE
14290	rs2733333	15:57143728	ENSR00000516701	promoter_flanking_region	E123	BLD	ESDR, LNG, FAT, BRN, GI, BONE
14291	rs2733333	15:57143728	ENSR00000516701	promoter_flanking_region	E123	BLD	ESDR, LNG, FAT, BRN, GI, BONE
14336	rs2593211	15:57156257	ENSR00000516704	promoter_flanking_region	E083;E089;E090;E121		FAT, BRST, MUS, BRN, GI, HRT, LNG
14376	rs4774371	15:60708464	ENSR00000517570	enhancer	NA	NA	NA
14377	rs4774371	15:60708464	ENSR00000517570	enhancer	NA	NA	NA
14384	rs902029	15:62920476	ENSR00000518114	promoter_flanking_region	NA	NA	NA
14386	rs1489320	15:62921693	ENSR00000518114	promoter_flanking_region	NA	NA	NA
14390	rs12902785	15:66635903	ENSR00000519092	CTCF_binding_site	E021		ESDR, ESC, BLD, STRM, ADRL, PLCNT, SPLN
14431	rs16969482	15:78085268	ENSR00000079694	promoter_flanking_region	NA	NA	NA
14696	rs2589970	15:90352726	ENSR00000081049	promoter	E006;E007;E017;E028;E029;E032;E033;E034;E046;E050;E055;E056;E057;E080;E081;E083;E084;E085;E088;E089;E090;E091;E092;E100;E109;E116;E117;E118;E119;E121;E123;E124;E126;E128	ESC, ESDR, LNG, IPSC, FAT, STRM, BRST, BLD, MUS, BRN, SKIN, VAS, LIV, GI, ADRL, KID, PANC, PLCNT, THYM, HRT, OVRY, SPLN, CRVX, BONE	BRN
14697	rs2589970	15:90352726	ENSR00000081049	promoter	E006;E007;E017;E028;E029;E032;E033;E034;E046;E050;E055;E056;E057;E080;E081;E083;E084;E085;E088;E089;E090;E091;E092;E100;E109;E116;E117;E118;E119;E121;E123;E124;E126;E128	ESC, ESDR, LNG, IPSC, FAT, STRM, BRST, BLD, MUS, BRN, SKIN, VAS, LIV, GI, ADRL, KID, PANC, PLCNT, THYM, HRT, OVRY, SPLN, CRVX, BONE	BRN
14719	rs2601183	15:90382489	ENSR00000525489	promoter_flanking_region	E028;E055;E057;E059;E080;E100;E117;E119;E120;E124		BRST, BLD, SKIN, ADRL, CRVX
14720	rs2601183	15:90382489	ENSR00000525490	CTCF_binding_site	E028;E055;E057;E059;E080;E100;E117;E119;E120;E124		BRST, BLD, SKIN, ADRL, CRVX
14729	rs2589948	15:90409000	ENSR00000996816	promoter	E046;E116;E127		STRM, BRST, BLD, SKIN, FAT, GI, MUS
14738	rs2905963	15:90421659	ENSR00000996817	promoter_flanking_region	E006;E028;E055;E056;E091;E097;E100;E117;E125	LNG	ESC, ESDR, LNG, FAT, STRM, BRST, BLD, MUS, SKIN, LIV, BRN, GI, KID, PLCNT, HRT, PANC, SPLN, CRVX, VAS, BONE
14756	rs2238360	15:92112886	ENSR00000997003	promoter_flanking_region	NA	NA	NA
14808	rs4965798	15:101160468	ENSR00000997752	promoter_flanking_region	E006;E083;E088;E091;E118		ESC, ESDR, LNG, IPSC, SKIN, ADRL, HRT, MUS, PLCNT, GI, SPLN, BLD, BRN
14809	rs4965798	15:101160468	ENSR00000997752	promoter_flanking_region	E006;E083;E088;E091;E118		ESC, ESDR, LNG, IPSC, SKIN, ADRL, HRT, MUS, PLCNT, GI, SPLN, BLD, BRN
14860	rs710925	16:583354	ENSR00000997962	promoter_flanking_region	NA	NA	NA
14861	rs710925	16:583354	ENSR00000997962	promoter_flanking_region	NA	NA	NA
14933	rs4984677	16:621682	ENSR00000082214	promoter_flanking_region	E021;E117;E121	CRVX	ESC, ESDR, LNG, IPSC, FAT, BRST, BRN, SKIN, GI, ADRL, HRT, MUS, PLCNT, THYM, PANC, SPLN, BLD
14942	rs7194275	16:1431019	ENSR00000528605	CTCF_binding_site	E032;E051;E059;E080;E081;E085;E086;E088;E089;E090;E092;E094;E097;E098;E100;E109;E118;E123	SKIN, LIV	ESDR, IPSC, BLD, BRN, SKIN, LIV, ADRL, GI, LNG, MUS, PANC
15051	rs10852643	16:4195692	ENSR00000529546	promoter_flanking_region			
15546	rs10221158	16:19184982	ENSR00000532976	promoter_flanking_region	E003;E004;E007;E008;E021;E022;E029;E055;E056;E100;E126;E128		
15626	rs16974369	16:25089369	ENSR00000534259	promoter_flanking_region	NA	NA	NA
15677	rs1566439	16:56990750	ENSR00000538479	promoter	NA	NA	NA
15715	rs821470	16:57024670	ENSR00001002118	promoter_flanking_region	E034		BLD, GI, THYM, LIV
15756	rs1061546	16:57737214	ENSR00000086486	promoter	E006;E046;E050;E051;E055;E059;E084;E085;E088;E091;E092;E116;E118;E126		
15757	rs1061546	16:57737214	ENSR00000086486	promoter	E006;E046;E050;E051;E055;E059;E084;E085;E088;E091;E092;E116;E118;E126		
15788	rs1012447	16:64399128	ENSR00001002480	promoter_flanking_region	E057;E122		
15822	rs2654459	16:80307128	ENSR00000543319	enhancer	NA	NA	NA
15919	rs2099132	16:84569438	ENSR00000088804	promoter_flanking_region	E022;E084;E088;E094;E109;E116	BLD, GI	BLD, GI, PLCNT
16010	rs2304958	17:1056275	ENSR00000090003	TF_binding_site	NA	NA	NA
16011	rs2304958	17:1056275	ENSR00000090003	TF_binding_site	NA	NA	NA
16012	rs2304958	17:1056275	ENSR00000546774	CTCF_binding_site	NA	NA	NA
16013	rs2304958	17:1056275	ENSR00000546774	CTCF_binding_site	NA	NA	NA
16038	rs8080301	17:2966624	ENSR00000547390	promoter_flanking_region	E092	PANC	ESDR, SKIN, GI, HRT, PLCNT, BRST
16087	rs220488	17:3688528	ENSR00001006021	promoter_flanking_region	E022;E032;E033;E093		ESC, ESDR, IPSC, BLD, SKIN, MUS
16100	rs7209818	17:4413183	ENSR00000547722	CTCF_binding_site	NA	NA	NA
16106	rs7219822	17:5822198	ENSR00001006264	promoter_flanking_region			ESDR, FAT, STRM, MUS, SKIN, LNG
16200	rs8071450	17:14053350	ENSR00000549866	enhancer	E028;E057;E118;E119;E125;E127;E128	STRM, PANC, LIV	LNG, STRM, BRST, SKIN, LIV, PLCNT, MUS, BONE
16201	rs8071450	17:14053350	ENSR00000549866	enhancer	E028;E057;E118;E119;E125;E127;E128	STRM, PANC, LIV	LNG, STRM, BRST, SKIN, LIV, PLCNT, MUS, BONE
16202	rs8071450	17:14053350	ENSR00000549867	CTCF_binding_site	E028;E057;E118;E119;E125;E127;E128	STRM, PANC, LIV	LNG, STRM, BRST, SKIN, LIV, PLCNT, MUS, BONE
16203	rs8071450	17:14053350	ENSR00000549867	CTCF_binding_site	E028;E057;E118;E119;E125;E127;E128	STRM, PANC, LIV	LNG, STRM, BRST, SKIN, LIV, PLCNT, MUS, BONE
16256	rs12942402	17:15468592	ENSR00000550172	enhancer	NA	NA	NA
16257	rs12942402	17:15468592	ENSR00000550172	enhancer	NA	NA	NA
16284	rs4791622	17:15470603	ENSR00001007116	promoter_flanking_region	NA	NA	NA
16365	rs8065635	17:35537688	ENSR00000093492	promoter	NA	NA	NA
16366	rs8065635	17:35537688	ENSR00000093492	promoter	NA	NA	NA
16410	rs2106852	17:41405658	ENSR00000555606	promoter_flanking_region	E120;E121		ESDR, LNG, FAT, BRST, MUS, SKIN, GI, PLCNT, CRVX, BONE
16467	rs12450654	17:44677409	ENSR00000556659	enhancer	NA	NA	NA
16524	rs12951587	17:57212572	ENSR00001011266	promoter_flanking_region			BRST, MUS, CRVX
16540	rs2240259	17:58380768	ENSR00001011425	promoter_flanking_region	E034;E084;E088;E093;E123	LNG	ESDR, ESC, BRST, BLD, SKIN, LIV, BRN, GI, KID, PANC, LNG, THYM
16556	rs3785493	17:58394758	ENSR00000559815	promoter_flanking_region	E022;E028;E084;E085;E091;E093;E094;E098;E109;E118;E123;E127	LIV	ESC, ESDR, IPSC, BRST, SKIN, GI, HRT, THYM, PANC, CRVX, BLD
16800	rs758466	17:61236952	ENSR00000560548	TF_binding_site			STRM, SKIN, BRN
16802	rs7220740	17:61663432	ENSR00001011860	TF_binding_site			ESDR, SKIN, BONE
16803	rs7220740	17:61663432	ENSR00001011860	TF_binding_site			ESDR, SKIN, BONE
16861	rs11654719	17:66344262	ENSR00001012448	promoter_flanking_region			BLD, SKIN, ADRL, GI, LNG, CRVX, LIV, VAS
16941	rs12452364	17:72435356	ENSR00000563459	promoter_flanking_region	E125;E127		ESDR, BRST, BRN, SKIN, GI, PLCNT, PANC, LNG, LIV
17116	rs8082416	17:76523292	ENSR00000284528	CTCF_binding_site	E003;E006;E007;E008;E017;E021;E022;E028;E029;E032;E033;E034;E046;E050;E051;E055;E056;E057;E059;E080;E081;E082;E083;E084;E085;E086;E088;E089;E090;E091;E092;E093;E094;E097;E098;E100;E109;E114;E116;E117;E118;E119;E120;E121;E123;E124;E126;E127;E128	FAT, BLD, SKIN, BRN, GI, MUS, LNG, CRVX	ESDR, ESC, LNG, IPSC, STRM, BRST, BLD, MUS, FAT, LIV, BRN, GI, ADRL, HRT, KID, PLCNT, THYM, PANC, SPLN, VAS, SKIN, BONE
17367	rs8099279	18:366043	ENSR00001014812	promoter_flanking_region	NA	NA	NA
17373	rs8084339	18:446773	ENSR00001014822	promoter_flanking_region	NA	NA	NA
17542	rs767887	18:3653422	ENSR00000567863	promoter	E004;E017;E109;E114;E117;E123	ESC, ESDR, FAT, GI, LNG, CRVX, VAS, BLD	ESDR, ESC, LNG, FAT, STRM, BRST, BLD, MUS, BRN, SKIN, GI, ADRL, HRT, PLCNT, LIV, BONE
17768	rs1116345	18:3671652	ENSR00000567876	promoter_flanking_region	NA	NA	NA
17919	rs564346	18:24534617	ENSR00000101592	open_chromatin_region	E117;E126		FAT, MUS, CRVX
17966	rs10502484	18:27058099	ENSR00000571590	promoter_flanking_region	E081;E082;E097;E098;E100		
18336	rs1786818	18:37434083	ENSR00000573408	open_chromatin_region	E086;E116		
18338	rs8084650	18:40175831	ENSR00001017585	enhancer			ESDR, ESC, IPSC, PLCNT
18348	rs17730845	18:40437614	ENSR00000573881	CTCF_binding_site	E008;E022;E083;E088;E089;E120;E121		HRT
18381	rs8095607	18:48576557	ENSR00000575429	promoter_flanking_region	E081;E082;E118	STRM, LIV, BRN	ESDR, ESC, STRM, BRST, BRN, SKIN, FAT, VAS, HRT, MUS
18414	rs3813086	18:50662422	ENSR00000286109	CTCF_binding_site	E003;E007;E008;E017;E021;E080;E084;E088;E089;E090;E091;E094;E098;E100;E109;E127		
18415	rs3813086	18:50662422	ENSR00000575987	open_chromatin_region	E003;E007;E008;E017;E021;E080;E084;E088;E089;E090;E091;E094;E098;E100;E109;E127		
18464	rs573399	18:56598616	ENSR00001018803	enhancer	NA	NA	NA
18577	rs1005419	18:56641765	ENSR00001018806	enhancer	NA	NA	NA
18578	rs1005419	18:56641765	ENSR00001018806	enhancer	NA	NA	NA
18617	rs1720896	18:63818819	ENSR00000578590	promoter_flanking_region	E033;E126	FAT	LNG, FAT, STRM, BRST, GI, SKIN, BONE
18640	rs758503	19:495722	ENSR00000286950	CTCF_binding_site	E003;E004;E007;E008;E021;E022;E032;E034;E051;E057;E059;E080;E083;E088;E089;E090;E092;E093;E097;E100;E114;E118;E123;E125;E127	ESC, IPSC, LIV	LNG, IPSC, BRST, BLD, BRN, SKIN, GI, ADRL, MUS, PLCNT, OVRY, SPLN
18682	rs1609761	19:1847699	ENSR00000287004	promoter	E006;E007;E008;E028;E029;E032;E046;E051;E055;E056;E057;E059;E080;E085;E090;E091;E092;E093;E097;E100;E116;E118;E119;E120;E121;E122;E123;E125;E126	ESC, ESDR, LNG, IPSC, FAT, STRM, BRST, BLD, MUS, BRN, SKIN, VAS, LIV, GI, ADRL, HRT, KID, PANC, PLCNT, THYM, OVRY, SPLN, CRVX, BONE	
18740	rs7253181	19:2238668	ENSR00000287015	promoter	NA	NA	NA
18992	rs11878617	19:4769728	ENSR00000582873	promoter	E003;E004;E005;E006;E007;E008;E017;E021;E022;E028;E029;E032;E033;E034;E046;E050;E051;E055;E056;E057;E059;E080;E081;E082;E083;E084;E085;E086;E088;E089;E090;E091;E092;E093;E094;E097;E098;E100;E109;E114;E116;E117;E118;E119;E120;E121;E122;E123;E124;E125;E126;E127;E128	ESDR, BLD, BRN, ADRL, GI, PANC	BLD, PLCNT, MUS
18993	rs11878617	19:4769728	ENSR00000582874	CTCF_binding_site	E003;E004;E005;E006;E007;E008;E017;E021;E022;E028;E029;E032;E033;E034;E046;E050;E051;E055;E056;E057;E059;E080;E081;E082;E083;E084;E085;E086;E088;E089;E090;E091;E092;E093;E094;E097;E098;E100;E109;E114;E116;E117;E118;E119;E120;E121;E122;E123;E124;E125;E126;E127;E128	ESDR, BLD, BRN, ADRL, GI, PANC	BLD, PLCNT, MUS
19055	rs10420320	19:4889512	ENSR00001021452	enhancer	E017;E055;E056;E057;E081;E082;E090;E100;E119;E125;E126;E128		
19056	rs10420320	19:4889512	ENSR00001021453	CTCF_binding_site	E017;E055;E056;E057;E081;E082;E090;E100;E119;E125;E126;E128		
19073	rs2251519	19:4941444	ENSR00000582918	CTCF_binding_site	NA	NA	NA
19074	rs2251519	19:4941444	ENSR00000582919	TF_binding_site	NA	NA	NA
19181	rs11085508	19:22011184	ENSR00000587166	promoter	E021	BLD, STRM, SKIN, FAT, BRN, GI, HRT, OVRY, PLCNT	
19218	rs11083570	19:28601997	ENSR00001023401	TF_binding_site	NA	NA	NA
19254	rs918587	19:29834349	ENSR00001023505	promoter_flanking_region			PLCNT, BLD
19335	rs1661197	19:44595209	ENSR00000591065	promoter_flanking_region			ESC, IPSC, ADRL, GI, PLCNT, LIV
19383	rs676388	19:48708712	ENSR00000592342	enhancer	E003;E008;E021;E022;E100	SKIN	ESC, ESDR, IPSC, SKIN, ADRL, BLD
19410	rs2232003	19:49118707	ENSR00000110841	promoter	E003;E004;E005;E006;E007;E008;E017;E021;E022;E028;E029;E032;E033;E034;E046;E050;E051;E055;E056;E057;E059;E080;E081;E082;E083;E084;E085;E086;E088;E089;E090;E091;E092;E093;E094;E097;E098;E100;E109;E114;E116;E117;E118;E119;E120;E121;E122;E123;E124;E126;E127	ESC, ESDR, LNG, IPSC, FAT, STRM, BRST, BLD, MUS, BRN, SKIN, LIV, GI, ADRL, HRT, KID, PANC, PLCNT, THYM, SPLN, CRVX, VAS, BONE	OVRY
19420	rs4802724	19:50669961	ENSR00000288961	CTCF_binding_site	E003;E007;E034;E109;E114		ESC, ESDR, LNG
19499	rs9967612	19:53131674	ENSR00000111352	promoter	E085	ESC, ESDR, IPSC, BRST, STRM, BLD, BRN, SKIN, FAT, GI, ADRL, KID, HRT, MUS, BONE	ESC, ESDR, FAT, STRM, BLD, BRN, GI, HRT, LNG, MUS, PANC
19582	rs12479127	2:5286129	ENSR00000595630	enhancer	E081	BRN	ESDR, BRN, GI, LNG
19583	rs12479127	2:5286129	ENSR00000595630	enhancer	E081	BRN	ESDR, BRN, GI, LNG
19608	rs12478548	2:12097293	ENSR00000597378	promoter_flanking_region			ESC, IPSC
19623	rs6731006	2:12099656	ENSR00001027787	enhancer	NA	NA	NA
19624	rs6731006	2:12099656	ENSR00001027787	enhancer	NA	NA	NA
19654	rs7587815	2:18831759	ENSR00001028290	promoter_flanking_region		ESDR	ESDR, ESC, LNG, IPSC, FAT, STRM, SKIN, LIV, HRT, GI, OVRY, PANC, PLCNT, MUS, BRN, BONE
19666	rs17010046	2:30716072	ENSR00000290292	CTCF_binding_site			GI
19699	rs521095	2:44886713	ENSR00001030799	open_chromatin_region	E055;E056;E088;E089;E090;E120;E121;E126		ESC, FAT, LNG, MUS, SKIN
19724	rs6760363	2:45851324	ENSR00000604603	promoter_flanking_region	E028;E029;E055;E056;E057;E059;E119		FAT, STRM, BRST, BLD, MUS, SKIN, GI, PANC, LNG, CRVX, BONE
20275	rs2059710	2:60611021	ENSR00000607273	CTCF_binding_site			
20276	rs2059710	2:60611021	ENSR00000607273	CTCF_binding_site			
20287	rs17032466	2:66687559	ENSR00000608582	promoter_flanking_region		GI	ESC, IPSC, GI
20291	rs1459259	2:71797840	ENSR00000291490	CTCF_binding_site			SKIN, BRN, MUS, PLCNT, HRT
20343	rs1430350	2:73102744	ENSR00000609965	promoter_flanking_region	NA	NA	NA
20349	rs1430351	2:73103826	ENSR00000609965	promoter_flanking_region	NA	NA	NA
20373	rs363697	2:74620328	ENSR00001033437	promoter_flanking_region	NA	NA	NA
20386	rs6748174	2:85287809	ENSR00000119542	promoter_flanking_region	E028;E057;E127	SKIN	ESC, BRST, SKIN, GI, LNG, BONE
20397	rs6728312	2:97807823	ENSR00001034846	promoter_flanking_region	NA	NA	NA
20465	rs1567385	2:101698595	ENSR00000120873	promoter	E007;E021;E028;E029;E032;E033;E034;E046;E050;E051;E057;E059;E080;E082;E083;E084;E086;E088;E089;E090;E091;E092;E093;E097;E109;E121;E122;E123	ESC, ESDR, LNG, IPSC, FAT, STRM, BRST, BLD, MUS, BRN, SKIN, VAS, LIV, GI, ADRL, HRT, KID, PANC, PLCNT, THYM, OVRY, SPLN, CRVX, BONE	
20484	rs7584287	2:106076686	ENSR00001035638	enhancer			BLD, MUS
20596	rs2203724	2:126714456	ENSR00001037185	promoter_flanking_region	NA	NA	NA
20942	rs2078028	2:127506670	ENSR00000122865	promoter_flanking_region	E028;E029;E050;E051;E059		FAT, BRST, BLD, STRM, MUS, SKIN, BRN, PANC, LNG, BONE
20943	rs11890277	2:128332535	ENSR00000619746	open_chromatin_region	E057		
20944	rs11890277	2:128332535	ENSR00000619746	open_chromatin_region	E057		
20947	rs936126	2:128366761	ENSR00001037354	promoter_flanking_region	NA	NA	NA
20949	rs936127	2:128366956	ENSR00001037354	promoter_flanking_region	NA	NA	NA
20952	rs6710206	2:129734049	ENSR00000620045	open_chromatin_region	E007		ESDR, MUS
20977	rs16841575	2:139065489	ENSR00001038241	CTCF_binding_site	NA	NA	NA
20978	rs16841575	2:139065489	ENSR00001038241	CTCF_binding_site	NA	NA	NA
21073	rs11898020	2:143524509	ENSR00000622446	promoter_flanking_region	E006;E055;E056;E086;E088;E090;E092;E120;E121;E125;E126;E128	FAT, LNG	ESDR, FAT, STRM, BLD, MUS, BRN, SKIN, GI, KID, LNG, BONE
21139	rs10490522	2:151329633	ENSR00000624039	open_chromatin_region			
21319	rs3811567	2:152715642	ENSR00000124796	promoter		FAT, ESC, STRM, BLD, SKIN, BRST	ESDR, STRM, BRST, BLD, MUS, BRN, SKIN, LIV, GI, ADRL, PANC, CRVX, VAS
21320	rs3811567	2:152715642	ENSR00000124796	promoter		FAT, ESC, STRM, BLD, SKIN, BRST	ESDR, STRM, BRST, BLD, MUS, BRN, SKIN, LIV, GI, ADRL, PANC, CRVX, VAS
21321	rs3811567	2:152715642	ENSR00000624366	CTCF_binding_site		FAT, ESC, STRM, BLD, SKIN, BRST	ESDR, STRM, BRST, BLD, MUS, BRN, SKIN, LIV, GI, ADRL, PANC, CRVX, VAS
21322	rs3811567	2:152715642	ENSR00000624366	CTCF_binding_site		FAT, ESC, STRM, BLD, SKIN, BRST	ESDR, STRM, BRST, BLD, MUS, BRN, SKIN, LIV, GI, ADRL, PANC, CRVX, VAS
21346	rs10497185	2:157435027	ENSR00000124940	promoter	E004;E081;E082;E088;E091;E093		
21418	rs264653	2:159070337	ENSR00000625434	promoter_flanking_region			FAT, STRM, BRST, SKIN, GI, HRT, CRVX, LIV, VAS, BLD, BRN, BONE
21419	rs264653	2:159070337	ENSR00000625434	promoter_flanking_region			FAT, STRM, BRST, SKIN, GI, HRT, CRVX, LIV, VAS, BLD, BRN, BONE
21432	rs1446470	2:164102700	ENSR00000626400	enhancer	E081		ESC, IPSC
21444	rs6744405	2:164606510	ENSR00000626499	enhancer			ESC, IPSC, FAT, STRM, MUS, BRN, SKIN, HRT, GI, BONE
21625	rs11685409	2:175754236	ENSR00000126709	open_chromatin_region	NA	NA	NA
21791	rs6709357	2:176281547	ENSR00001041250	promoter_flanking_region	E028;E057;E059;E100;E119;E120;E126;E128		FAT, BRST, BLD, STRM, MUS, SKIN, GI, BONE
22052	rs11904349	2:179622703	ENSR00001041565	enhancer	E083;E121		FAT, HRT, MUS, BONE
22167	rs7585095	2:201822291	ENSR00000633622	open_chromatin_region			ESDR
22218	rs6718891	2:220199130	ENSR00001044929	promoter_flanking_region	E017;E028;E055;E056;E057;E082;E089;E090;E098;E100;E114;E117;E119;E120;E121;E125;E126;E127;E128		LNG, FAT, STRM, BRST, MUS, SKIN, BRN, KID, OVRY, PLCNT, CRVX, BONE
22298	rs13013873	2:229175101	ENSR00001045759	promoter_flanking_region	E057;E059;E117;E126		FAT, STRM, MUS, SKIN, VAS, GI, CRVX
22299	rs13013873	2:229175101	ENSR00001045759	promoter_flanking_region	E057;E059;E117;E126		FAT, STRM, MUS, SKIN, VAS, GI, CRVX
22369	rs10929223	2:237301406	ENSR00001046773	promoter_flanking_region			
22522	rs6055075	20:7516547	ENSR00001048181	open_chromatin_region	NA	NA	NA
22542	rs4471960	20:8469600	ENSR00000644714	promoter_flanking_region	NA	NA	NA
22546	rs6131295	20:12015619	ENSR00001048643	enhancer	NA	NA	NA
22547	rs6131295	20:12015619	ENSR00001048643	enhancer	NA	NA	NA
22689	rs6057638	20:32751526	ENSR00001050204	promoter_flanking_region	NA	NA	NA
22784	rs1005533	20:40858470	ENSR00001051109	promoter_flanking_region	NA	NA	NA
22817	rs618019	20:49790590	ENSR00000653650	CTCF_binding_site	NA	NA	NA
22818	rs618019	20:49790590	ENSR00000653650	CTCF_binding_site	NA	NA	NA
22841	rs6096110	20:50810451	ENSR00001052354	promoter_flanking_region	NA	NA	NA
22858	rs13128	20:51597183	ENSR00000654254	CTCF_binding_site	E021;E022;E055;E088		ESC, ESDR, IPSC, BRST, SKIN, LNG, BLD, VAS
22878	rs6123661	20:57132401	ENSR00000655622	TF_binding_site	NA	NA	NA
23175	rs2015810	20:64221577	ENSR00000657986	CTCF_binding_site	NA	NA	NA
23176	rs2015810	20:64221577	ENSR00001054168	promoter_flanking_region	NA	NA	NA
23193	rs12482146	21:14164227	ENSR00000658663	open_chromatin_region			
23359	rs2830058	21:26112651	ENSR00001055041	promoter_flanking_region	E120;E121;E126;E128		ESC, ESDR, IPSC, STRM, MUS, BRN, HRT, PANC, GI, BLD, BONE
23451	rs7276901	21:26533331	ENSR00001055071	promoter_flanking_region			IPSC
23475	rs363524	21:29649069	ENSR00001055343	promoter_flanking_region	NA	NA	NA
23519	rs2070393	21:33866783	ENSR00000141612	open_chromatin_region	E055;E056;E089;E090;E121;E126		LNG, FAT, SKIN, MUS, PLCNT
23643	rs881228	21:33950387	ENSR00000661786	promoter	E034;E046;E051;E093;E116	BLD, GI, THYM	ESDR, FAT, BLD, GI, THYM, SPLN
23661	rs762356	21:33964582	ENSR00001055715	promoter_flanking_region			FAT, BLD, MUS, SKIN
23679	rs6517254	21:34707992	ENSR00001055805	promoter_flanking_region	E032;E034;E050;E051;E093;E116	BLD	IPSC, BLD, THYM
23734	rs2000546	21:36500149	ENSR00000142042	promoter_flanking_region	NA	NA	NA
23778	rs2244185	21:37166817	ENSR00000662614	CTCF_binding_site	E034;E046;E050;E059;E080;E082;E123;E127		SKIN
23779	rs2244185	21:37166817	ENSR00000662615	TF_binding_site	E034;E046;E050;E059;E080;E082;E123;E127		SKIN
23793	rs2838011	21:41322740	ENSR00000663599	promoter_flanking_region	E084;E085;E091;E092;E098;E109;E118	LIV	ESDR, ESC, IPSC, GI, PLCNT, THYM, PANC, BLD
23807	rs2158354	21:41338248	ENSR00000663604	open_chromatin_region			ESC, BRN
23868	rs7277299	21:41446863	ENSR00000142571	TF_binding_site	NA	NA	NA
23869	rs7277299	21:41446863	ENSR00000142571	TF_binding_site	NA	NA	NA
24033	rs2838764	21:45068254	ENSR00000143157	TF_binding_site	E081		MUS, BLD
24072	rs2241049	22:17106790	ENSR00000665804	CTCF_binding_site	E046;E050;E051;E124	BLD	BLD, THYM, SPLN
24091	rs462055	22:18077804	ENSR00000143630	promoter	E003;E004;E005;E006;E007;E008;E017;E021;E022;E028;E029;E032;E033;E034;E046;E050;E051;E055;E056;E057;E059;E080;E081;E082;E083;E084;E085;E086;E088;E089;E090;E091;E092;E093;E094;E097;E098;E100;E109;E114;E116;E117;E118;E119;E120;E121;E122;E123;E124;E125;E126;E127;E128	ESC, ESDR, LNG, IPSC, FAT, STRM, BRST, BLD, MUS, BRN, SKIN, VAS, LIV, GI, ADRL, HRT, KID, PANC, PLCNT, THYM, OVRY, SPLN, CRVX, BONE	
24099	rs7293017	22:19746288	ENSR00001057730	promoter_flanking_region	E089	SKIN	ESC, ESDR, IPSC, MUS, SKIN, FAT, ADRL, HRT, LNG, PLCNT, SPLN, VAS
24225	rs713968	22:35521499	ENSR00001059804	promoter_flanking_region	E028;E057;E119;E127		BRST, SKIN, GI, BLD
24258	rs5756805	22:37748611	ENSR00000146063	promoter	E055	FAT, SKIN, GI, BRST, LNG	ESC, ESDR, LNG, IPSC, FAT, STRM, BRST, BLD, MUS, BRN, SKIN, LIV, GI, HRT, PLCNT, THYM, OVRY, PANC, SPLN, CRVX, VAS, BONE
24273	rs3788530	22:37762734	ENSR00000671731	promoter_flanking_region	E004;E028;E055;E056;E059;E091;E114;E117;E119;E121;E123;E127	CRVX	ESC, ESDR, BRST, SKIN, GI, PLCNT, LNG, LIV, BLD
24302	rs1596152	3:3707752	ENSR00001061733	promoter_flanking_region	E004	ESDR, IPSC	ESC, ESDR, IPSC, BRST, PLCNT
24595	rs2305397	3:12815994	ENSR00000677650	CTCF_binding_site			IPSC, MUS
24806	rs1520058	3:20376929	ENSR00000679543	enhancer	E090		ESDR, ESC, IPSC, GI
24839	rs3860582	3:21600465	ENSR00000679698	enhancer	NA	NA	NA
24840	rs9812056	3:23162533	ENSR00001063495	promoter_flanking_region	E057;E116;E117	BLD	FAT, BLD, LNG, CRVX, SKIN
24842	rs7619223	3:23166517	ENSR00001063496	promoter_flanking_region	NA	NA	NA
25039	rs294282	3:31094477	ENSR00001064157	promoter_flanking_region			PLCNT, MUS, CRVX
25041	rs294296	3:31102796	ENSR00001064162	enhancer			ESDR, FAT, BRST, SKIN
25061	rs11129470	3:31909098	ENSR00001064265	promoter_flanking_region			ESDR, ESC, IPSC, FAT, BRST, BLD, STRM, MUS, SKIN, ADRL, KID, LNG, LIV, VAS, BONE
25074	rs4955275	3:32292178	ENSR00001064326	promoter_flanking_region	E080;E118		ESDR, BRST, BLD, LIV, GI, ADRL, PLCNT, PANC, LNG
25075	rs6550306	3:34856633	ENSR00000682351	promoter_flanking_region	E004;E007;E008;E081;E082;E083;E089;E090;E093		ESC, ESDR, IPSC, BRST, BLD, BRN, ADRL, HRT, GI, LNG, MUS, THYM, PLCNT
25143	rs7629063	3:37447924	ENSR00001064758	CTCF_binding_site	E003;E004;E021;E022		
25153	rs6792008	3:37911103	ENSR00000682894	promoter_flanking_region	E084;E086;E088;E122	BLD	ESC, ESDR, BRST, BLD, STRM, BRN, SKIN, GI, ADRL, KID, LNG, HRT, PANC, MUS, SPLN, LIV, VAS
25317	rs13086084	3:44338996	ENSR00000151573	promoter	E003;E004;E006;E007;E008;E021;E028;E032;E033;E034;E046;E050;E051;E055;E056;E057;E059;E080;E081;E082;E083;E084;E086;E088;E089;E090;E091;E092;E093;E094;E097;E098;E100;E109;E116;E117;E118;E119;E120;E121;E122;E123;E124;E125;E128	ESC, ESDR, LNG, IPSC, FAT, STRM, BRST, BLD, MUS, BRN, SKIN, VAS, LIV, GI, ADRL, HRT, KID, PANC, PLCNT, THYM, OVRY, SPLN, CRVX, BONE	
25318	rs13086084	3:44338996	ENSR00000151573	promoter	E003;E004;E006;E007;E008;E021;E028;E032;E033;E034;E046;E050;E051;E055;E056;E057;E059;E080;E081;E082;E083;E084;E086;E088;E089;E090;E091;E092;E093;E094;E097;E098;E100;E109;E116;E117;E118;E119;E120;E121;E122;E123;E124;E125;E128	ESC, ESDR, LNG, IPSC, FAT, STRM, BRST, BLD, MUS, BRN, SKIN, VAS, LIV, GI, ADRL, HRT, KID, PANC, PLCNT, THYM, OVRY, SPLN, CRVX, BONE	
25328	rs2257216	3:52934710	ENSR00000304079	CTCF_binding_site	NA	NA	NA
25329	rs2257216	3:52934710	ENSR00001066469	promoter_flanking_region	NA	NA	NA
25443	rs967318	3:60629857	ENSR00000688163	enhancer			ESC, ESDR, IPSC
25543	rs6445360	3:63562704	ENSR00000688814	TF_binding_site			GI
25609	rs6445365	3:63597457	ENSR00001067497	enhancer			ESDR, IPSC
25641	rs4974283	3:70264407	ENSR00000690364	TF_binding_site	NA	NA	NA
25642	rs4974283	3:70264407	ENSR00000690364	TF_binding_site	NA	NA	NA
25683	rs2029013	3:71711371	ENSR00000304603	CTCF_binding_site	NA	NA	NA
26107	rs9310061	3:88014615	ENSR00001069101	promoter_flanking_region			FAT
26148	rs1355765	3:99601863	ENSR00000694195	enhancer			ESC, ESDR, IPSC
26165	rs7624987	3:99634068	ENSR00001069512	promoter_flanking_region	E003;E004;E008;E021;E022;E057;E088;E117;E125;E127;E128		ESC, ESDR, LNG, IPSC, MUS, SKIN, VAS, GI, KID, BRN
26207	rs790125	3:122669617	ENSR00000698500	promoter_flanking_region	E017;E028;E055;E056;E057;E084;E109;E116;E117;E125;E126;E128		FAT, SKIN, GI, BLD, CRVX, LIV, BRN, LNG, BONE
26213	rs4678205	3:122674982	ENSR00001071419	enhancer	NA	NA	NA
26344	rs9289483	3:134719113	ENSR00000158766	open_chromatin_region	E120;E121;E128		STRM, BRST, SKIN, MUS, BONE
26345	rs9289483	3:134719113	ENSR00000158766	open_chromatin_region	E120;E121;E128		STRM, BRST, SKIN, MUS, BONE
26600	rs427832	3:148748576	ENSR00000704268	open_chromatin_region	E051;E081;E082		BRN, LNG
26606	rs476663	3:150732096	ENSR00000704784	promoter_flanking_region	NA	NA	NA
26618	rs9283605	3:154183453	ENSR00001074548	open_chromatin_region			GI
26672	rs6765337	3:176939674	ENSR00000307647	CTCF_binding_site	E081;E082	BRN, PANC, LNG, VAS	LIV, SKIN, LNG
26728	rs10933645	3:195453691	ENSR00000164272	promoter_flanking_region			
26816	rs7631913	3:196292809	ENSR00000713968	CTCF_binding_site	E032;E117	BLD	BLD
26827	rs4690099	4:3452727	ENSR00000308461	CTCF_binding_site	E008;E022		STRM, GI, PANC, LIV
27014	rs11934521	4:10587929	ENSR00000717278	promoter_flanking_region	E004;E033;E034;E046;E050;E051;E093;E120;E121;E125;E128		ESDR, BLD, THYM
27083	rs1004861	4:16086233	ENSR00001079972	promoter_flanking_region	NA	NA	NA
27084	rs1004861	4:16086233	ENSR00001079972	promoter_flanking_region	NA	NA	NA
27373	rs1317577	4:40194929	ENSR00000167684	promoter	E006;E017;E032;E033;E034;E046;E050;E051;E059;E084;E085;E088;E091;E092;E093;E097;E116;E123	LNG, BLD, GI, THYM, LIV	ESDR, BLD, STRM, SKIN, GI, PLCNT, SPLN, LNG
27410	rs3860707	4:52072077	ENSR00001081924	promoter_flanking_region	NA	NA	NA
27443	rs2117599	4:53599120	ENSR00000723813	enhancer	NA	NA	NA
27451	rs10005578	4:53627063	ENSR00000723820	enhancer	NA	NA	NA
27462	rs759082	4:54625737	ENSR00000724062	promoter_flanking_region	E091;E097		ESDR, FAT, STRM, ADRL, KID, PLCNT, OVRY, GI
27464	rs4241987	4:54650838	ENSR00001082172	promoter_flanking_region	NA	NA	NA
27479	rs3819389	4:54660754	ENSR00000724069	promoter	NA	NA	NA
27511	rs1449598	4:61183017	ENSR00001082475	promoter_flanking_region			BLD
27519	rs3733236	4:76002845	ENSR00001083314	promoter_flanking_region			FAT, BLD, GI, HRT, CRVX, VAS
27859	rs11731788	4:76720526	ENSR00000727217	promoter_flanking_region	E088		LNG
27981	rs12644152	4:87392027	ENSR00000170476	promoter		ESC, ESDR, LNG, IPSC, FAT, STRM, BRST, BLD, MUS, BRN, SKIN, VAS, LIV, GI, ADRL, KID, PANC, PLCNT, HRT, OVRY, THYM, CRVX, BONE	BLD, HRT, LNG, THYM
28109	rs10516826	4:88997817	ENSR00001084491	promoter_flanking_region			
28398	rs7684707	4:93298239	ENSR00001084714	enhancer	NA	NA	NA
28399	rs7684707	4:93298239	ENSR00001084714	enhancer	NA	NA	NA
28422	rs7694475	4:110156005	ENSR00001085930	promoter_flanking_region			ESDR, FAT, STRM, BRST, BLD, BRN, ADRL, PANC, LNG, BONE
28445	rs1380163	4:119000956	ENSR00000734575	promoter_flanking_region		HRT	LNG, IPSC, BRST, GI, MUS
28528	rs7689090	4:149914441	ENSR00000312547	CTCF_binding_site	E006;E083;E086;E088;E120;E121		
28534	rs10030915	4:157713617	ENSR00000741235	open_chromatin_region	NA	NA	NA
28560	rs2660432	4:169154020	ENSR00001089979	enhancer	E006;E088		ESC, ESDR, LNG, FAT, STRM, MUS, BRN, GI, SKIN, BONE
28566	rs10004048	4:169154122	ENSR00001089979	enhancer	E006;E088		
28588	rs7678428	4:169659667	ENSR00000176085	promoter	NA	NA	NA
28704	rs9784568	4:183389404	ENSR00000745022	CTCF_binding_site	NA	NA	NA
28708	rs6858319	4:183424561	ENSR00000745030	enhancer	NA	NA	NA
28773	rs11133792	5:1477116	ENSR00001091632	promoter_flanking_region	NA	NA	NA
28774	rs12659526	5:4282738	ENSR00000747341	open_chromatin_region			
28775	rs12659526	5:4282738	ENSR00000747341	open_chromatin_region			
28780	rs13181152	5:5638132	ENSR00000747562	promoter_flanking_region	E083	MUS, GI	ESDR, FAT, BRST, GI, ADRL, HRT, MUS, OVRY
28781	rs13181152	5:5638132	ENSR00000747562	promoter_flanking_region	E083	MUS, GI	ESDR, FAT, BRST, GI, ADRL, HRT, MUS, OVRY
28795	rs606490	5:10318343	ENSR00000178044	TF_binding_site	E123;E126		FAT, SKIN, MUS, CRVX, BLD
28842	rs13155323	5:31989878	ENSR00000751562	promoter_flanking_region	NA	NA	NA
28947	rs3846633	5:34863828	ENSR00001093523	promoter_flanking_region	E021;E123	BLD	ESC, IPSC, BLD, BRN, SKIN, FAT, ADRL, VAS
29091	rs2441026	5:54148668	ENSR00000754818	enhancer	E089;E126	FAT	ESC, ESDR, IPSC, FAT, SKIN, HRT, PANC, GI, LNG
29145	rs321768	5:56126854	ENSR00001094880	promoter_flanking_region	E017;E080;E122	BLD, BRN	ESDR, BLD, BRN, LNG, THYM, LIV, VAS, BONE
29146	rs321768	5:56126854	ENSR00001094880	promoter_flanking_region	E017;E080;E122	BLD, BRN	ESDR, BLD, BRN, LNG, THYM, LIV, VAS, BONE
29195	rs1838733	5:59237566	ENSR00000755991	promoter_flanking_region	E114	LNG	STRM, MUS, HRT, CRVX, VAS
29334	rs2028836	5:59287387	ENSR00000756011	promoter_flanking_region	E005;E091;E114;E117	LNG, CRVX	ESDR, BRST, SKIN, GI, HRT, LNG, MUS, SPLN, VAS
29433	rs7715669	5:61640469	ENSR00001095447	promoter_flanking_region	E007;E114;E117	CRVX	ESDR, BRST, BRN, FAT, MUS, LNG, SKIN
29482	rs10059206	5:64811091	ENSR00000315304	CTCF_binding_site	NA	NA	NA
29483	rs10059206	5:64811091	ENSR00001095616	TF_binding_site	NA	NA	NA
29541	rs7728577	5:71471442	ENSR00001096218	enhancer	NA	NA	NA
29542	rs7728577	5:71471442	ENSR00001096218	enhancer	NA	NA	NA
29624	rs13164947	5:78746153	ENSR00000759903	promoter_flanking_region	E055;E056;E082;E089;E090;E125;E128		ESDR, IPSC, BRST, BRN, SKIN, VAS, GI, MUS, THYM
29764	rs4632783	5:93192603	ENSR00000762460	promoter_flanking_region	NA	NA	NA
29765	rs4632783	5:93192603	ENSR00000762460	promoter_flanking_region	NA	NA	NA
29860	rs169883	5:95698137	ENSR00000762969	promoter_flanking_region	E004;E005;E059;E088;E091;E117;E123	CRVX	ESDR, ESC, SKIN, FAT, GI, KID, PLCNT, LNG, BLD
29866	rs1422092	5:103846540	ENSR00000764310	enhancer	NA	NA	NA
29867	rs1422092	5:103846540	ENSR00000764310	enhancer	NA	NA	NA
29868	rs6884722	5:107090792	ENSR00001099048	enhancer	E005;E006;E022;E081;E082;E089;E090;E091;E120		IPSC, MUS, LNG, GI
29876	rs26728	5:107610355	ENSR00000764879	promoter_flanking_region			ESDR, ESC
29895	rs27550	5:107635867	ENSR00000764886	promoter_flanking_region	E080;E114;E126	STRM, MUS, SKIN	ESC, ESDR, IPSC, FAT, BRST, BRN, SKIN, KID, PANC, LNG, BLD, BONE
29902	rs10074258	5:107646859	ENSR00001099112	enhancer			
29998	rs1019753	5:111260988	ENSR00001099422	promoter_flanking_region	NA	NA	NA
30021	rs11241113	5:111265344	ENSR00001099422	promoter_flanking_region			BLD
30126	rs1501762	5:123907281	ENSR00001100359	enhancer			BLD
30143	rs4463175	5:135603434	ENSR00001101520	promoter_flanking_region	E004;E005;E007;E057;E081;E091;E127		ESC, ESDR, IPSC, BRST, BRN, SKIN, GI, LNG, MUS, PLCNT
30149	rs2344483	5:135604300	ENSR00001101520	promoter_flanking_region	E084;E086;E109		ESDR, ESC, BRST, GI, LIV
30195	rs2040862	5:138084300	ENSR00000770853	promoter_flanking_region		ESC	ESC, ESDR, IPSC
30308	rs11743810	5:138466715	ENSR00000187490	promoter	NA	NA	NA
30323	rs4912830	5:142263307	ENSR00001102211	enhancer	NA	NA	NA
30536	rs930214	5:146813928	ENSR00000772850	promoter_flanking_region	E029;E050;E051	BLD	ESC, ESDR, IPSC, BLD, BRN
30537	rs930214	5:146813928	ENSR00000772850	promoter_flanking_region	E029;E050;E051	BLD	ESC, ESDR, IPSC, BLD, BRN
30598	rs319152	5:146827893	ENSR00001102672	enhancer	NA	NA	NA
30816	rs17112008	5:151458557	ENSR00001103180	enhancer	NA	NA	NA
30817	rs17112008	5:151458557	ENSR00001103180	enhancer	NA	NA	NA
30847	rs1559157	5:153624204	ENSR00001103299	enhancer	E004;E028;E057;E080	MUS, BONE	ESC, IPSC, FAT, STRM, SKIN, ADRL, MUS, VAS, BRN, LNG
30904	rs1422893	5:153641033	ENSR00000774377	enhancer	E083;E088		ESDR, FAT, BRN, HRT, LNG
30933	rs17117188	5:155271323	ENSR00000774725	enhancer			ESDR, BRST, ADRL, SKIN
30987	rs11951834	5:160453349	ENSR00001103986	promoter_flanking_region	E059;E086	BLD	BLD, SKIN, FAT, BRN, ADRL, KID, HRT, VAS
31070	rs193466	5:168486598	ENSR00000190310	promoter	E003;E004;E005;E006;E007;E008;E021;E028;E029;E032;E034;E050;E051;E057;E059;E083;E084;E085;E088;E089;E090;E091;E092;E093;E100;E109;E116;E117;E118;E119;E121;E123;E124;E127	ESC, ESDR, LNG, IPSC, FAT, STRM, BRST, BLD, MUS, BRN, SKIN, VAS, LIV, GI, ADRL, HRT, KID, PANC, PLCNT, THYM, OVRY, SPLN, CRVX, BONE	
31071	rs193466	5:168486598	ENSR00000190310	promoter	E003;E004;E005;E006;E007;E008;E021;E028;E029;E032;E034;E050;E051;E057;E059;E083;E084;E085;E088;E089;E090;E091;E092;E093;E100;E109;E116;E117;E118;E119;E121;E123;E124;E127	ESC, ESDR, LNG, IPSC, FAT, STRM, BRST, BLD, MUS, BRN, SKIN, VAS, LIV, GI, ADRL, HRT, KID, PANC, PLCNT, THYM, OVRY, SPLN, CRVX, BONE	
31130	rs2964083	5:174311574	ENSR00000318655	CTCF_binding_site		ESC	ESC, ESDR, IPSC, BRN, ADRL, MUS, GI, HRT, BRST
31138	rs17065522	5:175815382	ENSR00000778795	promoter_flanking_region	E114	LNG	ESDR, LNG, BRST, BRN, SKIN, MUS
31205	rs422172	5:179323376	ENSR00001105584	promoter_flanking_region	E088	SKIN	LNG, STRM, BRST, SKIN, BRN, ADRL, HRT, MUS, GI, BONE
31208	rs248230	5:179927082	ENSR00001105668	promoter_flanking_region	NA	NA	NA
31232	rs6937363	6:183917	ENSR00001105845	enhancer	NA	NA	NA
31261	rs6925338	6:1048782	ENSR00000780563	promoter_flanking_region			ADRL, PANC, GI, LIV
31370	rs9393069	6:8855715	ENSR00001106812	promoter_flanking_region			BLD
31443	rs4475363	6:8905196	ENSR00000319422	CTCF_binding_site	NA	NA	NA
31444	rs4475363	6:8905196	ENSR00000319422	CTCF_binding_site	NA	NA	NA
31541	rs2073518	6:16332499	ENSR00000319674	CTCF_binding_site	NA	NA	NA
31599	rs9358533	6:22321775	ENSR00000785666	promoter_flanking_region			ESDR, LNG, OVRY, BLD, BRN
31689	rs10484432	6:26008648	ENSR00001108508	enhancer	NA	NA	NA
31707	rs707896	6:26116196	ENSR00001108521	enhancer	NA	NA	NA
31840	rs3094663	6:31139310	ENSR00001108960	promoter_flanking_region	NA	NA	NA
32165	rs7775141	6:42222110	ENSR00001110370	promoter_flanking_region			BRST, SKIN, LNG
32166	rs7775141	6:42222110	ENSR00001110370	promoter_flanking_region			BRST, SKIN, LNG
32205	rs10452607	6:42222708	ENSR00001110370	promoter_flanking_region	E017;E055;E056;E091		
32271	rs4711853	6:46490099	ENSR00000197580	promoter		ESC, FAT, STRM, BRST, SKIN, VAS, BRN, GI, HRT, KID, PANC, OVRY, MUS	ESC, IPSC, BLD, LIV, BRN, LNG, GI, PANC
32476	rs2816364	6:53230041	ENSR00001111398	promoter_flanking_region			BLD
32516	rs3798883	6:83430319	ENSR00000797218	promoter	NA	NA	NA
32517	rs790576	6:90388711	ENSR00001113540	promoter_flanking_region			ESC, ESDR, IPSC, BLD, THYM
32551	rs742109	6:106146349	ENSR00001114274	promoter_flanking_region			ESC, ESDR, LNG, IPSC, FAT, BRST, BLD, SKIN, MUS, BRN, BONE
32678	rs182320	6:129752146	ENSR00000323028	CTCF_binding_site	E003;E006;E017;E028;E032;E046;E055;E057;E059;E080;E089;E090;E100;E114;E116;E119;E120;E123		FAT, STRM, BLD, MUS, BRN, LIV, BRST, VAS, SKIN, LNG, BONE
32705	rs9376173	6:136038308	ENSR00000203439	promoter	E055;E056;E083;E088;E089;E097;E122;E126	LNG, FAT, STRM, BLD, MUS, SKIN, LIV, BRN, GI, ADRL, PANC, HRT, OVRY, VAS, BONE	ESC, ESDR, BRST, BLD, BRN, HRT, GI, KID, PLCNT, THYM, LNG, SPLN, MUS, SKIN
32706	rs9376173	6:136038308	ENSR00000203439	promoter	E055;E056;E083;E088;E089;E097;E122;E126	LNG, FAT, STRM, BLD, MUS, SKIN, LIV, BRN, GI, ADRL, PANC, HRT, OVRY, VAS, BONE	ESC, ESDR, BRST, BLD, BRN, HRT, GI, KID, PLCNT, THYM, LNG, SPLN, MUS, SKIN
32707	rs9376173	6:136038308	ENSR00000806554	CTCF_binding_site	E055;E056;E083;E088;E089;E097;E122;E126	LNG, FAT, STRM, BLD, MUS, SKIN, LIV, BRN, GI, ADRL, PANC, HRT, OVRY, VAS, BONE	ESC, ESDR, BRST, BLD, BRN, HRT, GI, KID, PLCNT, THYM, LNG, SPLN, MUS, SKIN
32708	rs9376173	6:136038308	ENSR00000806554	CTCF_binding_site	E055;E056;E083;E088;E089;E097;E122;E126	LNG, FAT, STRM, BLD, MUS, SKIN, LIV, BRN, GI, ADRL, PANC, HRT, OVRY, VAS, BONE	ESC, ESDR, BRST, BLD, BRN, HRT, GI, KID, PLCNT, THYM, LNG, SPLN, MUS, SKIN
32738	rs9759	6:138088630	ENSR00000807016	promoter_flanking_region	E006;E017;E028;E055;E056;E057;E059;E084;E085;E091;E094;E109;E114;E117;E119;E120;E125;E127;E128	FAT, MUS, SKIN, LNG, CRVX, BRST, BONE	ESC, ESDR, LNG, IPSC, FAT, STRM, BRST, SKIN, LIV, GI, PLCNT, VAS, BRN
32740	rs9373437	6:144955508	ENSR00001117791	enhancer	E005;E006;E017		LNG, STRM, PLCNT, MUS, BRN, BONE
32746	rs9390537	6:148102235	ENSR00001118038	enhancer	E007		ESDR, IPSC
33072	rs4709370	6:159789029	ENSR00000206288	promoter	E006;E028;E029;E032;E034;E046;E051;E055;E080;E083;E084;E086;E088;E089;E090;E091;E092;E093;E100;E116;E118;E121;E124	ESC, ESDR, LNG, IPSC, FAT, STRM, BRST, BLD, MUS, BRN, SKIN, VAS, LIV, GI, ADRL, HRT, KID, PANC, PLCNT, THYM, OVRY, SPLN, CRVX, BONE	
33204	rs2146163	6:159803314	ENSR00000811534	enhancer			
33247	rs6455682	6:160160879	ENSR00000323992	CTCF_binding_site	E088		ESC, ESDR, IPSC, SKIN, LIV, GI, MUS, PLCNT, LNG, PANC, BLD
33248	rs6455682	6:160160879	ENSR00000811616	enhancer	E088		ESC, ESDR, IPSC, SKIN, LIV, GI, MUS, PLCNT, LNG, PANC, BLD
33636	rs10946279	6:170553248	ENSR00000207329	promoter	E003;E004;E005;E006;E007;E008;E017;E021;E022;E028;E029;E032;E033;E034;E046;E050;E051;E055;E056;E057;E059;E080;E081;E082;E083;E084;E085;E086;E088;E089;E090;E091;E092;E093;E094;E097;E098;E100;E109;E114;E116;E117;E118;E119;E120;E121;E122;E123;E124;E125;E126;E127;E128		
33637	rs10946279	6:170553248	ENSR00000207329	promoter	E003;E004;E005;E006;E007;E008;E017;E021;E022;E028;E029;E032;E033;E034;E046;E050;E051;E055;E056;E057;E059;E080;E081;E082;E083;E084;E085;E086;E088;E089;E090;E091;E092;E093;E094;E097;E098;E100;E109;E114;E116;E117;E118;E119;E120;E121;E122;E123;E124;E125;E126;E127;E128		
33744	rs886724	7:7652852	ENSR00000816166	promoter_flanking_region	E059;E088;E117		FAT, BLD, SKIN, PANC, LNG, LIV
33804	rs1012768	7:24316885	ENSR00000819207	enhancer	NA	NA	NA
33810	rs2074324	7:25386425	ENSR00000819455	promoter_flanking_region	E081;E082;E083;E088;E089;E090;E097;E098		BRST, BRN, GI, KID, LNG, MUS, PANC, HRT
33811	rs2074324	7:25386425	ENSR00000819455	promoter_flanking_region	E081;E082;E083;E088;E089;E090;E097;E098		BRST, BRN, GI, KID, LNG, MUS, PANC, HRT
33848	rs39087	7:29244657	ENSR00000325398	CTCF_binding_site	E008;E029;E032;E033;E100;E124		ESC, IPSC, BLD, THYM, HRT, MUS, SPLN
33849	rs39087	7:29244657	ENSR00001123156	promoter_flanking_region	E008;E029;E032;E033;E100;E124		ESC, IPSC, BLD, THYM, HRT, MUS, SPLN
33893	rs39095	7:29247832	ENSR00000820357	promoter_flanking_region			ESDR, BLD, FAT, LIV, BRN, GI, ADRL, HRT, LNG, OVRY, PANC, MUS, SPLN
33894	rs39095	7:29247832	ENSR00000820357	promoter_flanking_region			ESDR, BLD, FAT, LIV, BRN, GI, ADRL, HRT, LNG, OVRY, PANC, MUS, SPLN
33940	rs2189439	7:29407526	ENSR00000820411	enhancer			ESC, ESDR, IPSC, BRN, GI
33979	rs2189440	7:29407653	ENSR00000820411	enhancer			ESC, ESDR, IPSC, BRN, GI
33980	rs2189440	7:29407653	ENSR00000820411	enhancer			ESC, ESDR, IPSC, BRN, GI
34048	rs6960287	7:30817725	ENSR00000820794	promoter_flanking_region		FAT, MUS	ESDR, LNG, STRM, BRST, SKIN, VAS, BRN, GI, MUS, HRT, OVRY, BONE
34049	rs6960287	7:30817725	ENSR00000820795	CTCF_binding_site		FAT, MUS	ESDR, LNG, STRM, BRST, SKIN, VAS, BRN, GI, MUS, HRT, OVRY, BONE
34136	rs1525798	7:39072980	ENSR00001124154	promoter_flanking_region	E088;E119	BRN	ESDR, ESC, IPSC, BRN, PANC, LNG
34180	rs12538933	7:40836515	ENSR00001124335	open_chromatin_region	NA	NA	NA
34190	rs1294875	7:45211844	ENSR00000824104	promoter_flanking_region			HRT
34205	rs4236232	7:69395797	ENSR00000827229	enhancer		FAT	ESC, ESDR, FAT, STRM, MUS, GI, PLCNT, LNG, BRN, SKIN
34230	rs2191824	7:69736409	ENSR00000827317	promoter_flanking_region	NA	NA	NA
34272	rs17459722	7:69937775	ENSR00000827391	enhancer		ESDR	ESDR, BRST, SKIN, ADRL, HRT, LNG, THYM
34289	rs6465532	7:77288113	ENSR00000829192	promoter_flanking_region			BLD, FAT, GI, ADRL, MUS, LNG, VAS
34321	rs9641218	7:77415131	ENSR00000214032	promoter	NA	NA	NA
34324	rs4112274	7:80537938	ENSR00001127350	promoter_flanking_region	NA	NA	NA
34363	rs3735513	7:84002060	ENSR00000830572	promoter_flanking_region	NA	NA	NA
34476	rs4730283	7:107953544	ENSR00000216621	promoter_flanking_region	E056;E091;E128		ESC, ESDR, LNG, IPSC, FAT, STRM, BRST, SKIN, GI, HRT, MUS, PLCNT, CRVX, LIV, VAS, BRN, BONE
34484	rs12705610	7:109521834	ENSR00000835723	enhancer	NA	NA	NA
34485	rs12705610	7:109521834	ENSR00000835723	enhancer	NA	NA	NA
34493	rs11762737	7:112898323	ENSR00000327904	CTCF_binding_site	E059;E118	LIV	ESDR, IPSC, BLD, GI, HRT, PANC
34494	rs11762737	7:112898323	ENSR00000836311	promoter_flanking_region	E059;E118	LIV	ESDR, IPSC, BLD, GI, HRT, PANC
34502	rs10262476	7:120583030	ENSR00000837523	promoter_flanking_region	NA	NA	NA
34609	rs17164872	7:130369512	ENSR00000839401	promoter	E004;E005;E006;E007;E017;E028;E029;E050;E055;E056;E057;E059;E080;E083;E084;E086;E088;E089;E091;E092;E093;E094;E097;E098;E100;E109;E114;E117;E118;E119;E120;E121;E122;E123;E124;E125;E126;E127;E128	BLD, SKIN, BRN, THYM, MUS, LIV, LNG	ESC, ESDR, LNG, FAT, STRM, BRST, BLD, MUS, BRN, SKIN, GI, ADRL, HRT, KID, PANC, PLCNT, OVRY, SPLN, CRVX, VAS, BONE
34722	rs6944423	7:138888725	ENSR00000218892	promoter_flanking_region	NA	NA	NA
34781	rs2030680	7:150433664	ENSR00000843644	promoter	E029;E032;E033;E034;E046;E090;E093;E109;E116;E123;E124;E127	BLD, GI	BLD, THYM
34841	rs2121885	8:518609	ENSR00000845729	promoter_flanking_region	E059		ESC, IPSC, BRST, PLCNT
35095	rs2408151	8:6054578	ENSR00001134328	CTCF_binding_site			
35096	rs2408151	8:6054578	ENSR00001134328	CTCF_binding_site			
35144	rs17177644	8:12910512	ENSR00001135109	promoter_flanking_region			BLD, LNG
35257	rs13248882	8:18610009	ENSR00000848892	enhancer	E006;E017;E055;E059;E080;E084;E109;E117;E121;E126;E128		ESC, FAT, STRM, MUS, SKIN, BRN, GI, KID, CRVX
35326	rs1487759	8:18611841	ENSR00001135486	enhancer	E004;E117		ESC, IPSC, GI, CRVX
35327	rs1487759	8:18611841	ENSR00001135486	enhancer	E004;E117		ESC, IPSC, GI, CRVX
35346	rs9173	8:22251098	ENSR00001135889	CTCF_binding_site	E127		
35396	rs310324	8:23827882	ENSR00001136093	enhancer	E005;E089;E122;E127		ESDR, MUS, VAS
35440	rs920697	8:26579560	ENSR00000222539	promoter	E003;E004;E006;E008;E021;E028;E032;E033;E034;E055;E056;E059;E081;E082;E083;E086;E088;E089;E090;E092;E093;E097;E121;E124;E126;E128	ESC, ESDR, LNG, IPSC, FAT, STRM, BRST, BLD, MUS, BRN, SKIN, VAS, LIV, GI, HRT, KID, PANC, PLCNT, THYM, OVRY, SPLN, CRVX, BONE	BLD, GI
35511	rs12677633	8:34015220	ENSR00000852244	enhancer	E122;E123		ESDR, MUS, VAS, BRN
35549	rs6985355	8:38730795	ENSR00000223715	promoter	E006;E055;E056;E080;E083;E088;E089;E090;E097;E098;E100;E120;E121	FAT, BRST, SKIN, BRN, GI, ADRL, HRT, OVRY, MUS	ESDR, STRM, MUS, SKIN, LIV, PLCNT, GI, PANC, LNG
35576	rs10808999	8:38963809	ENSR00000853185	promoter_flanking_region			
35577	rs10808999	8:38963809	ENSR00000853185	promoter_flanking_region			
35665	rs6472412	8:49382084	ENSR00000854679	enhancer	E003;E004;E008;E022		ESC, ESDR, IPSC, LNG
35680	rs2914087	8:59039531	ENSR00000856429	promoter_flanking_region	E005;E091		ESC, ESDR, IPSC, BLD, BRN, HRT, LNG, VAS
35685	rs396720	8:59050245	ENSR00001138655	enhancer	E055;E083;E109		ESC, ESDR, IPSC, BLD, MUS, BRN, SKIN, GI, HRT, PANC, BONE
35697	rs16932800	8:66308406	ENSR00001139088	enhancer	NA	NA	NA
35831	rs13251222	8:78133067	ENSR00001139910	open_chromatin_region	E089;E090;E126	FAT	BRST, STRM, GI
35836	rs2369096	8:78195904	ENSR00001139912	promoter_flanking_region			FAT
35840	rs1026804	8:80606085	ENSR00001140147	CTCF_binding_site			
35842	rs1026805	8:80606129	ENSR00001140147	CTCF_binding_site	NA	NA	NA
35902	rs3133976	8:93932381	ENSR00000227109	promoter_flanking_region	E059;E083;E100;E116;E125;E128	MUS	ESC, LNG, IPSC, FAT, BRST, BLD, STRM, MUS, BRN, SKIN, GI, ADRL, HRT, OVRY, PANC, SPLN, CRVX, VAS, BONE
35903	rs3133976	8:93932381	ENSR00000227109	promoter_flanking_region	E059;E083;E100;E116;E125;E128	MUS	ESC, LNG, IPSC, FAT, BRST, BLD, STRM, MUS, BRN, SKIN, GI, ADRL, HRT, OVRY, PANC, SPLN, CRVX, VAS, BONE
35909	rs2515137	8:94304028	ENSR00000862521	promoter_flanking_region	E004;E006;E022;E028;E050;E051;E055;E056;E057;E081;E086;E120;E125;E126;E127;E128	GI	ESC, ESDR, LNG, FAT, STRM, BRST, BLD, MUS, BRN, SKIN, VAS, GI, BONE
35976	rs957448	8:94529074	ENSR00000862572	TF_binding_site	E116		PANC
35977	rs957448	8:94529074	ENSR00000862572	TF_binding_site	E116		PANC
35994	rs1992370	8:94546466	ENSR00000862574	promoter_flanking_region			BRST, BLD, SKIN, GI
36131	rs12547442	8:107181334	ENSR00001142375	enhancer	NA	NA	NA
36132	rs12547442	8:107181334	ENSR00001142375	enhancer	NA	NA	NA
36145	rs2514726	8:118005646	ENSR00001143014	promoter_flanking_region	E088;E126;E127	VAS	ESDR, ESC, LNG, IPSC, FAT, STRM, BRST, MUS, SKIN, VAS, LIV, GI, ADRL, HRT, PANC, SPLN, CRVX, BRN, BONE
36177	rs2515029	8:118344227	ENSR00000867152	promoter_flanking_region	E005;E006;E017;E028;E055;E056;E057;E080;E083;E090;E094;E114;E117;E118;E119;E120;E121;E122;E125;E126;E127;E128	LNG	ESC, ESDR, LNG, FAT, STRM, BRST, MUS, SKIN, LIV, GI, CRVX, VAS, BRN, BONE
36178	rs2515029	8:118344227	ENSR00000867153	CTCF_binding_site	E005;E006;E017;E028;E055;E056;E057;E080;E083;E090;E094;E114;E117;E118;E119;E120;E121;E122;E125;E126;E127;E128	LNG	ESC, ESDR, LNG, FAT, STRM, BRST, MUS, SKIN, LIV, GI, CRVX, VAS, BRN, BONE
36269	rs4143118	8:127365222	ENSR00000869317	promoter_flanking_region	NA	NA	NA
36270	rs4143118	8:127365222	ENSR00000869317	promoter_flanking_region	NA	NA	NA
36284	rs7843127	8:130908290	ENSR00000870193	promoter_flanking_region	NA	NA	NA
36343	rs1025435	8:132230300	ENSR00000870348	open_chromatin_region	E006;E081;E082;E083;E089;E098;E121		
36380	rs894344	8:134600502	ENSR00000870928	promoter_flanking_region	E021;E116	BLD, GI	BLD, THYM
36619	rs1339359	9:1919539	ENSR00000873902	CTCF_binding_site			ESDR, BRN, GI
36622	rs7020398	9:1958885	ENSR00000873908	enhancer	NA	NA	NA
36665	rs17273930	9:4090724	ENSR00000874372	CTCF_binding_site	E004;E022;E091;E097;E114;E117;E128		
36666	rs17273930	9:4090724	ENSR00001146081	TF_binding_site	E004;E022;E091;E097;E114;E117;E128		
36951	rs10972129	9:34467121	ENSR00001148096	enhancer	E007;E008		
36973	rs3750395	9:34503455	ENSR00001148099	promoter_flanking_region	E120		ESDR, FAT, BRST, STRM, BRN, LIV, MUS, BONE
37094	rs3758170	9:36947130	ENSR00001148357	enhancer			ESDR, FAT, STRM, SKIN, BLD, BONE
37095	rs3758170	9:36947130	ENSR00001148357	enhancer			ESDR, FAT, STRM, SKIN, BLD, BONE
37098	rs9407070	9:38654817	ENSR00000880258	open_chromatin_region			
37190	rs4878132	9:87788179	ENSR00001151026	promoter_flanking_region	E117;E123		BLD
37198	rs1806706	9:95587639	ENSR00000887705	CTCF_binding_site			ESDR, KID, LNG
37199	rs1806706	9:95587639	ENSR00000887705	CTCF_binding_site			ESDR, KID, LNG
37211	rs3824491	9:95606595	ENSR00001151957	enhancer	E007;E081;E082;E088;E090;E097	ESDR, BRN	ESDR, IPSC, BRN, GI, ADRL, PANC, LNG, MUS
37212	rs3824491	9:95606595	ENSR00001151957	enhancer	E007;E081;E082;E088;E090;E097	ESDR, BRN	ESDR, IPSC, BRN, GI, ADRL, PANC, LNG, MUS
37225	rs7047415	9:95778950	ENSR00001151972	promoter_flanking_region	NA	NA	NA
37254	rs16916050	9:98438738	ENSR00000238650	open_chromatin_region	NA	NA	NA
37385	rs10512364	9:108149036	ENSR00000890070	promoter_flanking_region			
37436	rs2233914	9:113221260	ENSR00000240065	promoter	E003;E004;E005;E006;E007;E008;E017;E021;E022;E028;E029;E032;E033;E034;E046;E050;E051;E055;E056;E057;E059;E080;E081;E082;E083;E084;E085;E086;E088;E089;E090;E091;E092;E093;E094;E097;E098;E100;E109;E114;E116;E117;E118;E119;E120;E121;E122;E123;E124;E125;E126;E127;E128	ESC, ESDR, LNG, IPSC, FAT, STRM, BRST, BLD, MUS, BRN, SKIN, VAS, LIV, GI, ADRL, HRT, KID, PANC, PLCNT, THYM, OVRY, SPLN, CRVX, BONE	
37440	rs10759682	9:114110903	ENSR00001153707	enhancer	NA	NA	NA
37600	rs7867807	9:121975408	ENSR00000893180	promoter_flanking_region			ESDR, ESC, BRST, SKIN, GI, HRT, PANC, LNG, CRVX, LIV
38645	rs7057371	X:16906757	ENSR00001158370	promoter_flanking_region			BLD
38648	rs2101036	X:16912001	ENSR00000902299	promoter_flanking_region			BLD
38728	rs5943630	X:29258095	ENSR00001159057	open_chromatin_region	NA	NA	NA
38808	rs7877664	X:41351689	ENSR00000905547	promoter_flanking_region	E006;E032;E033;E034;E046;E090;E116;E117;E122;E123;E124		BLD, HRT, MUS, CRVX
38872	rs5963958	X:41353068	ENSR00000905547	promoter_flanking_region	E006;E017;E033;E034;E050;E117		BRST, BLD, GI, MUS, CRVX
38882	rs787088	X:41376641	ENSR00000905554	promoter_flanking_region	NA	NA	NA
38912	rs4258159	X:70824730	ENSR00000908826	enhancer			ESC, IPSC
38913	rs4258159	X:70824730	ENSR00000908826	enhancer			ESC, IPSC
38914	rs4258159	X:70824730	ENSR00000908826	enhancer			ESC, IPSC
38954	rs6616854	X:83541439	ENSR00000909994	open_chromatin_region			
39138	rs5924683	X:151725896	ENSR00000917487	promoter_flanking_region	NA	NA	NA
